VendorID,tpep_pickup_datetime,tpep_dropoff_datetime,passenger_count,trip_distance,PULocationID,DOLocationID,fare_amount,extra,tip_amount,total_amount,airport_fee
1,2/1/2022 0:06,2/1/2022 0:19,1,5.4,138,252,17,1.75,3.9,23.45,1.25
1,2/1/2022 0:38,2/1/2022 0:55,1,6.4,138,41,21,1.75,0,30.1,1.25
1,2/1/2022 0:03,2/1/2022 0:26,1,12.5,138,200,35.5,1.75,0,44.6,1.25
2,2/1/2022 0:08,2/1/2022 0:28,1,9.88,239,200,28,0.5,0,34.8,0
2,2/1/2022 0:06,2/1/2022 0:33,1,12.16,138,125,35.5,0.5,8.11,48.66,1.25
1,2/1/2022 0:57,2/1/2022 1:07,2,2.3,140,142,10,3,2.75,16.55,0
1,2/1/2022 0:34,2/1/2022 1:01,1,7.5,140,36,25,3,5,33.8,0
2,2/1/2022 0:03,2/1/2022 0:07,1,0.88,48,68,5,0.5,1.76,10.56,0
2,2/1/2022 0:13,2/1/2022 0:31,1,6.48,142,244,21,0.5,4.96,29.76,0
2,2/1/2022 0:52,2/1/2022 1:02,1,3.29,238,116,12,0.5,2.66,15.96,0
2,2/1/2022 0:05,2/1/2022 0:28,2,9.71,132,36,27.5,0.5,7.2,37.25,1.25
1,2/1/2022 0:57,2/1/2022 1:01,0,0.7,143,163,4.5,3.5,1.2,10,0
2,2/1/2022 0:10,2/1/2022 0:31,1,16,132,80,42.5,0.5,8.76,53.81,1.25
2,2/1/2022 0:35,2/1/2022 1:04,1,6.53,234,225,24.5,0.5,5.66,33.96,0
2,2/1/2022 0:23,2/1/2022 0:40,1,11.77,138,132,32,0.5,6.66,41.21,1.25
2,2/1/2022 0:06,2/1/2022 0:12,1,1.42,233,164,6.5,0.5,2.06,12.36,0
2,2/1/2022 0:14,2/1/2022 0:30,1,4.14,186,262,14.5,0.5,5.49,23.79,0
2,2/1/2022 0:26,2/1/2022 0:42,1,7.66,138,170,23,0.5,6.67,41.27,1.25
2,2/1/2022 0:55,2/1/2022 1:03,5,1.74,79,164,8,0.5,0,11.8,0
2,2/1/2022 0:13,2/1/2022 0:53,1,11.28,132,225,37,0.5,0,39.55,1.25
1,2/1/2022 0:40,2/1/2022 0:47,1,2.6,233,263,9,3,2.55,15.35,0
1,2/1/2022 0:29,2/1/2022 0:53,1,17,132,164,52,3.75,12.6,75.7,1.25
1,2/1/2022 0:35,2/1/2022 1:04,2,16.2,132,162,52,2.5,12.35,74.2,0
2,2/1/2022 0:18,2/1/2022 0:42,1,15.25,132,252,41.5,0.5,13.22,57.27,1.25
2,2/1/2022 0:08,2/1/2022 0:35,1,7.36,249,256,25.5,0.5,5.86,35.16,0
2,2/1/2022 0:50,2/1/2022 1:06,1,3.23,107,48,13,0.5,4.2,21,0
2,2/1/2022 0:02,2/1/2022 0:12,1,1.45,164,264,8.5,0.5,0,12.3,0
2,2/1/2022 0:33,2/1/2022 0:40,1,2.06,142,151,8,0.5,2,13.8,0
2,2/1/2022 0:47,2/1/2022 0:55,1,1.86,151,116,8,0.5,0.7,10,0
2,2/1/2022 0:02,2/1/2022 0:10,1,2.09,249,224,8.5,0.5,2.46,14.76,0
2,2/1/2022 0:40,2/1/2022 0:45,2,1.24,249,144,6,0.5,2,11.8,0
2,2/1/2022 0:19,2/1/2022 0:57,1,20.26,132,238,52,0,10,70.6,1.25
2,2/1/2022 0:32,2/1/2022 1:02,1,10.45,132,198,32,0.5,6.91,41.46,1.25
2,2/1/2022 0:04,2/1/2022 0:23,1,11.37,263,171,31.5,0.5,8.37,50.22,0
1,2/1/2022 0:29,2/1/2022 1:01,1,17.9,132,48,52,3.75,11.3,67.85,1.25
2,2/1/2022 0:35,2/1/2022 0:43,1,1.45,249,148,7.5,0.5,2.26,13.56,0
1,2/1/2022 0:12,2/1/2022 0:41,0,19.2,132,262,52,3.75,15.75,78.85,1.25
1,2/1/2022 0:02,2/1/2022 0:30,1,19.4,132,75,52,1.25,15.1,75.7,1.25
2,2/1/2022 0:24,2/1/2022 0:28,3,1.73,229,236,6.5,0.5,2,12.3,0
2,2/1/2022 0:34,2/1/2022 0:37,3,0.68,263,141,4.5,0.5,1.66,9.96,0
2,2/1/2022 0:05,2/1/2022 0:09,3,1.34,68,100,5.5,0.5,1,10.3,0
2,2/1/2022 0:21,2/1/2022 0:26,2,0.68,68,48,5,0.5,4,12.8,0
2,2/1/2022 0:19,2/1/2022 0:31,1,3.58,230,166,12.5,0.5,3.26,19.56,0
1,2/1/2022 0:26,2/1/2022 0:44,1,3.4,237,79,14,3,2,19.8,0
2,2/1/2022 0:33,2/1/2022 0:39,1,1.71,229,263,7,0.5,2.16,12.96,0
2,2/1/2022 0:05,2/1/2022 0:25,1,10.16,138,17,29.5,0.5,6.41,38.46,1.25
2,2/1/2022 0:28,2/1/2022 0:47,2,10.75,132,92,31,0.5,0,33.55,1.25
2,2/1/2022 0:14,2/1/2022 0:31,1,10.33,138,66,29,0.5,6.06,37.61,1.25
2,2/1/2022 0:38,2/1/2022 0:48,1,2.97,100,140,11,0.5,2.96,17.76,0
2,2/1/2022 0:19,2/1/2022 0:26,1,1.49,170,161,6.5,0.5,2.06,12.36,0
2,2/1/2022 0:35,2/1/2022 0:48,1,2.34,164,142,11,0.5,2.96,17.76,0
2,2/1/2022 0:29,2/1/2022 1:05,1,11.7,132,61,35.5,0.5,0,38.05,1.25
2,2/1/2022 0:09,2/1/2022 0:12,1,0.83,237,239,5,0.5,1.76,10.56,0
2,2/1/2022 0:25,2/1/2022 0:30,1,0.72,237,237,5.5,0.5,2,11.3,0
2,2/1/2022 0:14,2/1/2022 0:15,1,0,77,76,2.5,0.5,0,5.05,1.25
2,2/1/2022 0:18,2/1/2022 0:27,1,2.24,143,237,9.5,0.5,2.66,15.96,0
1,2/1/2022 0:02,2/1/2022 0:11,2,2.5,144,186,10,3,2.75,16.55,0
1,2/1/2022 0:17,2/1/2022 0:20,1,0.9,186,68,5,3,0,8.8,0
1,2/1/2022 0:22,2/1/2022 0:47,2,7.3,68,42,23.5,3,0,27.3,0
2,2/1/2022 0:00,2/1/2022 0:08,1,2.81,170,75,10,0.5,2.76,16.56,0
2,2/1/2022 0:27,2/1/2022 1:02,3,21.72,132,119,58.5,0.5,0,66.35,1.25
2,2/1/2022 0:41,2/1/2022 0:59,2,13.86,132,155,37.5,0.5,0,40.05,1.25
2,2/1/2022 0:02,2/1/2022 0:32,1,8.4,162,17,28,0.5,0,31.8,0
1,2/1/2022 0:05,2/1/2022 0:12,1,0.8,148,79,6.5,2.5,1.95,11.75,0
2,2/1/2022 0:15,2/1/2022 0:23,1,1.06,234,137,7,0.5,2.16,12.96,0
2,2/1/2022 0:24,2/1/2022 0:27,1,0.5,137,107,3.5,0.5,1.46,8.76,0
2,2/1/2022 0:44,2/1/2022 0:51,1,1.94,142,237,8,0.5,1.5,13.3,0
1,2/1/2022 0:22,2/1/2022 0:47,2,15.5,132,55,42.5,1.75,3,48.05,1.25
2,2/1/2022 0:36,2/1/2022 0:45,1,3.22,263,164,11,0.5,2.96,17.76,0
2,2/1/2022 0:28,2/1/2022 0:38,1,3.49,107,87,12.5,0.5,3.26,19.56,0
1,2/1/2022 0:15,2/1/2022 0:34,1,11.5,132,265,40.5,1.75,1,44.05,1.25
2,2/1/2022 0:23,2/1/2022 0:49,1,9.93,132,36,29.5,0.5,8.01,40.06,1.25
2,2/1/2022 0:18,2/1/2022 0:37,1,7.41,132,76,23.5,0.5,5.21,31.26,1.25
1,2/1/2022 0:10,2/1/2022 0:27,1,4.3,141,260,16,3,0,19.8,0
1,2/1/2022 0:51,2/1/2022 1:01,1,1.9,138,129,9,1.75,0,11.55,1.25
2,2/1/2022 0:13,2/1/2022 0:19,1,1.24,140,263,6.5,0.5,2.58,12.88,0
2,2/1/2022 0:23,2/1/2022 0:39,2,3.92,48,79,14,0.5,0,17.8,0
2,2/1/2022 0:41,2/1/2022 0:50,1,3.04,224,237,10.5,0.5,4.29,18.59,0
2,2/1/2022 0:56,2/1/2022 1:02,2,1.19,140,262,6,0.5,0.98,10.78,0
2,2/1/2022 0:35,2/1/2022 0:54,1,3.14,151,48,14,0.5,0,17.8,0
2,2/1/2022 0:09,2/1/2022 0:17,1,2.59,263,100,9.5,0.5,3.33,16.63,0
2,2/1/2022 0:23,2/1/2022 0:29,1,1.01,161,50,6,0.5,1.96,11.76,0
2,2/1/2022 0:47,2/1/2022 0:58,1,2.07,90,148,10,0.5,0,13.8,0
1,2/1/2022 0:00,2/1/2022 0:15,1,4,162,7,14,3,0,17.8,0
1,2/1/2022 0:32,2/1/2022 0:42,2,4.6,138,53,14.5,1.75,2.5,19.55,1.25
2,2/1/2022 0:09,2/1/2022 0:18,1,2.66,144,164,10,0.5,0,13.8,0
2,2/1/2022 0:38,2/1/2022 0:42,1,1.2,263,141,5.5,0.5,0,9.3,0
2,2/1/2022 0:05,2/1/2022 0:25,2,5.27,230,7,-17.5,-0.5,0,-21.3,0
2,2/1/2022 0:05,2/1/2022 0:25,2,5.27,230,7,17.5,0.5,0,21.3,0
1,2/1/2022 0:46,2/1/2022 0:51,1,1.2,7,146,5.5,0.5,0,6.8,0
1,2/1/2022 0:20,2/1/2022 0:28,1,2,163,90,8,3,2.35,14.15,0
1,2/1/2022 0:15,2/1/2022 0:21,1,1.2,142,238,6.5,3,2.05,12.35,0
1,2/1/2022 0:22,2/1/2022 0:29,3,1.8,43,237,8,3,2.35,14.15,0
1,2/1/2022 0:36,2/1/2022 0:41,3,1,162,141,6,3,0,9.8,0
2,2/1/2022 0:06,2/1/2022 0:25,1,6.76,162,255,22,0.5,3,28.8,0
2,2/1/2022 0:23,2/1/2022 0:28,1,0.86,148,79,5.5,0.5,0,9.3,0
2,2/1/2022 0:33,2/1/2022 0:44,2,3.23,79,48,11.5,0.5,4.59,19.89,0
2,2/1/2022 0:28,2/1/2022 0:36,1,1.16,164,68,7,0.5,0,10.8,0
2,2/1/2022 0:54,2/1/2022 1:08,3,2.87,144,170,12,0.5,3.16,18.96,0
2,2/1/2022 0:03,2/1/2022 0:07,1,0.9,137,186,5.5,0.5,0,9.3,0
2,2/1/2022 0:18,2/1/2022 0:20,1,0.38,230,43,3.5,0.5,3,10.3,0
2,2/1/2022 0:39,2/1/2022 0:59,1,14.73,132,16,39.5,0.5,0,42.05,1.25
2,2/1/2022 0:21,2/1/2022 0:36,1,9.29,138,229,25.5,0.5,3.71,40.81,1.25
1,2/1/2022 0:01,2/1/2022 0:06,1,1,263,263,6,3,1.95,11.75,0
1,2/1/2022 0:26,2/1/2022 0:43,1,5.1,144,62,17,3,6.2,27,0
2,2/1/2022 0:09,2/1/2022 0:22,1,3.22,68,238,12.5,0.5,2.44,18.74,0
2,2/1/2022 0:30,2/1/2022 0:38,5,2.7,137,140,9.5,0.5,1.5,14.8,0
2,2/1/2022 0:40,2/1/2022 1:08,3,17.64,132,230,52,0,12.62,75.72,1.25
2,2/1/2022 0:30,2/1/2022 1:02,1,11.68,132,49,35,0.5,0,37.55,1.25
2,1/31/2022 23:49,2/1/2022 0:01,1,2.47,143,236,11,0.5,2.96,17.76,0
2,2/1/2022 0:46,2/1/2022 0:47,1,0.6,211,113,4,0.5,1.56,9.36,0
2,2/1/2022 0:07,2/1/2022 0:15,2,1.58,48,170,8,0.5,2.95,14.75,0
2,2/1/2022 0:27,2/1/2022 0:33,2,1.3,114,107,6.5,0.5,0,10.3,0
2,2/1/2022 0:44,2/1/2022 1:10,2,12.18,211,116,36,0.5,5,44.8,0
1,2/1/2022 0:30,2/1/2022 0:39,1,2.4,211,137,9.5,3,2.65,15.95,0
1,2/1/2022 0:50,2/1/2022 1:04,1,4.5,148,61,15.5,3,0,19.3,0
2,2/1/2022 0:01,2/1/2022 0:23,1,7.35,186,166,23.5,0.5,1,28.3,0
2,2/1/2022 0:42,2/1/2022 0:51,1,2.25,141,145,9.5,0.5,2.66,15.96,0
1,2/1/2022 0:52,2/1/2022 1:05,2,3.6,144,163,13,3,4.2,21,0
2,2/1/2022 0:05,2/1/2022 0:32,1,5.84,114,41,22.5,0.5,5.26,31.56,0
2,2/1/2022 0:54,2/1/2022 0:57,1,0.67,164,186,4.5,0.5,0,8.3,0
1,2/1/2022 0:03,2/1/2022 0:35,1,0,74,225,31.2,0,0,38.55,0
1,2/1/2022 0:00,2/1/2022 0:25,1,8.1,138,217,26.5,0,0,27.3,0
2,2/1/2022 0:01,2/1/2022 0:05,1,0.87,113,211,5,0.5,1.25,10.05,0
2,2/1/2022 0:36,2/1/2022 1:04,1,17.82,132,213,49,0.5,0,58.1,1.25
1,2/1/2022 0:09,2/1/2022 0:37,1,17.8,132,113,52,3.75,6,69.1,1.25
2,2/1/2022 0:40,2/1/2022 0:56,2,2.82,90,230,12.5,0.5,3.26,19.56,0
2,2/1/2022 0:15,2/1/2022 0:27,1,1.96,239,262,9.5,0.5,2,15.3,0
2,2/1/2022 0:47,2/1/2022 0:59,1,3.66,230,263,12,0.5,3.16,18.96,0
2,2/1/2022 0:10,2/1/2022 0:23,1,4.23,132,216,15,0.5,0,17.55,1.25
2,2/1/2022 0:48,2/1/2022 0:55,1,1.66,125,107,7,0.5,2.7,13.5,0
2,2/1/2022 0:59,2/1/2022 1:15,1,10.03,170,243,28.5,0.5,8.07,40.37,0
2,2/1/2022 0:11,2/1/2022 0:23,2,7.72,138,255,22,0.5,4.91,29.46,1.25
2,2/1/2022 0:34,2/1/2022 1:22,4,35.56,138,44,92.5,0.5,20.32,121.92,1.25
2,2/1/2022 0:26,2/1/2022 0:38,1,3.62,239,234,12.5,0.5,3.26,19.56,0
1,2/1/2022 0:23,2/1/2022 0:55,1,19.7,132,141,52,3.75,6,69.1,1.25
2,2/1/2022 0:06,2/1/2022 0:36,1,7.78,161,225,27,0.5,5,35.8,0
2,2/1/2022 0:06,2/1/2022 0:35,1,11.66,138,189,35,0.5,5.63,43.18,1.25
2,2/1/2022 0:01,2/1/2022 0:11,1,4.13,138,92,13.5,0.5,0,16.05,1.25
2,2/1/2022 0:23,2/1/2022 0:46,1,11.6,138,50,33.5,0.5,9.02,54.12,1.25
2,2/1/2022 0:37,2/1/2022 0:40,1,0.9,68,48,4.5,0.5,1.66,9.96,0
1,2/1/2022 0:20,2/1/2022 0:23,1,0.6,144,79,4.5,3,1.65,9.95,0
1,2/1/2022 0:32,2/1/2022 0:51,1,3.8,148,48,15.5,3,3.85,23.15,0
2,2/1/2022 0:18,2/1/2022 0:35,1,5.4,137,80,18.5,0.5,5.58,27.88,0
2,2/1/2022 0:50,2/1/2022 0:50,1,0,264,264,15,0,3.82,19.12,0
2,2/1/2022 0:47,2/1/2022 1:00,1,7.66,132,265,25,0.5,0,27.55,1.25
1,2/1/2022 0:16,2/1/2022 0:41,0,13.8,132,155,39.5,1.75,0,42.05,1.25
1,2/1/2022 0:23,2/1/2022 0:32,1,1.6,244,152,8.5,0.5,0,9.8,0
1,2/1/2022 0:46,2/1/2022 1:02,1,7.1,238,69,22,0.5,1,24.3,0
2,2/1/2022 0:27,2/1/2022 0:54,1,17.79,132,49,48,0.5,10.11,60.66,1.25
2,2/1/2022 0:35,2/1/2022 1:10,2,22.26,132,181,60,0.5,8,70.55,1.25
2,2/1/2022 0:23,2/1/2022 0:48,4,5.81,186,25,20.5,0.5,4.86,29.16,0
1,2/1/2022 0:02,2/1/2022 0:28,1,10.5,132,36,31.5,1.75,5.11,39.16,1.25
2,2/1/2022 0:56,2/1/2022 1:25,1,19.32,132,107,52,0,5.5,62.05,1.25
1,2/1/2022 0:07,2/1/2022 0:32,1,9,48,223,28,3,6.35,38.15,0
1,2/1/2022 0:53,2/1/2022 0:59,2,1.3,141,163,6.5,3,0,10.3,0
1,2/1/2022 0:02,2/1/2022 0:07,2,0.7,79,144,5.5,3,1.85,11.15,0
1,2/1/2022 0:14,2/1/2022 0:24,1,2.6,114,68,10,3,0,13.8,0
1,2/1/2022 0:42,2/1/2022 0:51,1,3.1,224,140,10.5,3,4.25,18.55,0
2,2/1/2022 0:18,2/1/2022 0:26,1,1.8,164,162,8,0.5,0,11.8,0
2,2/1/2022 0:42,2/1/2022 0:54,1,3.92,186,238,13.5,0.5,0,17.3,0
2,2/1/2022 0:24,2/1/2022 0:29,1,1.83,68,48,7,0.5,2.16,12.96,0
1,2/1/2022 0:56,2/1/2022 1:12,3,11.2,132,265,42.5,1.75,5,50.05,1.25
2,2/1/2022 0:15,2/1/2022 0:18,1,0.7,50,143,4.5,0.5,1.66,9.96,0
2,2/1/2022 0:37,2/1/2022 1:35,1,10.3,143,143,42.5,0.5,0,46.3,0
1,2/1/2022 0:36,2/1/2022 1:10,2,12.8,132,129,40,1.75,0,42.55,1.25
2,2/1/2022 0:12,2/1/2022 0:35,1,13.52,138,265,41.5,0.5,11.01,55.06,1.25
2,2/1/2022 0:32,2/1/2022 1:05,1,14.96,68,259,44.5,0.5,5,53.3,0
1,2/1/2022 0:00,2/1/2022 0:45,1,2.4,79,68,12.5,3,0,16.3,0
2,2/1/2022 0:49,2/1/2022 1:07,1,5.73,48,152,20,0.5,0,23.8,0
1,2/1/2022 0:16,2/1/2022 0:22,1,1.5,231,148,7,3,3.2,14,0
1,2/1/2022 0:32,2/1/2022 0:36,1,0.6,107,137,4.5,3,2.05,10.35,0
1,2/1/2022 0:06,2/1/2022 0:10,1,0.5,237,161,4.5,3,0,8.3,0
1,2/1/2022 0:39,2/1/2022 0:46,1,1.8,141,236,8,3,0,11.8,0
2,2/1/2022 0:05,2/1/2022 0:05,1,0,142,142,-63,0,0,-65.8,0
2,2/1/2022 0:05,2/1/2022 0:05,1,0,142,142,63,0,0,65.8,0
2,1/31/2022 23:50,1/31/2022 23:58,4,1.52,229,170,8,0.5,0,11.8,0
2,2/1/2022 0:05,2/1/2022 0:11,3,1.3,186,107,6.5,0.5,2.06,12.36,0
1,2/1/2022 0:14,2/1/2022 0:20,1,2,230,249,8,3,2,13.8,0
1,2/1/2022 0:25,2/1/2022 0:28,1,1,68,100,5,3,0,8.8,0
1,2/1/2022 0:49,2/1/2022 0:55,1,1.8,48,249,7.5,3,2.25,13.55,0
2,2/1/2022 0:06,2/1/2022 0:10,1,0.84,68,249,5,0.5,0,8.8,0
1,2/1/2022 0:03,2/1/2022 0:08,1,0.9,79,144,5.5,3,1.85,11.15,0
1,2/1/2022 0:13,2/1/2022 0:41,1,8.5,87,41,28,3,2,33.8,0
1,2/1/2022 0:59,2/1/2022 1:02,1,0.3,186,100,4,3,0,7.8,0
1,2/1/2022 0:10,2/1/2022 0:18,1,1.9,237,239,8.5,3,1,13.3,0
2,2/1/2022 0:03,2/1/2022 0:14,2,1.9,161,164,9.5,0.5,2.66,15.96,0
2,2/1/2022 0:56,2/1/2022 1:00,2,1.18,114,186,5.5,0.5,1.86,11.16,0
2,2/1/2022 0:36,2/1/2022 0:56,1,14.31,48,58,39,0.5,0,42.8,0
2,2/1/2022 0:08,2/1/2022 0:28,1,16.5,132,256,44,0.5,9.06,55.61,1.25
2,1/31/2022 23:48,1/31/2022 23:59,1,2.67,100,239,11,0.5,2.96,17.76,0
2,2/1/2022 0:03,2/1/2022 0:13,1,2.17,143,186,9.5,0.5,1.7,15,0
2,2/1/2022 0:24,2/1/2022 0:53,2,11.32,249,223,34.5,0.5,7.66,45.96,0
1,2/1/2022 0:14,2/1/2022 0:32,1,3.2,186,140,14,2.5,20,37.3,0
2,2/1/2022 0:05,2/1/2022 0:13,1,1.63,164,48,7.5,0.5,0,11.3,0
2,2/1/2022 0:24,2/1/2022 0:35,1,2.52,164,143,10,0.5,2,15.8,0
2,2/1/2022 0:40,2/1/2022 0:55,1,5.63,48,116,18.5,0.5,3,25.3,0
1,2/1/2022 0:25,2/1/2022 0:27,2,0.8,114,107,4.5,3,2,10.3,0
1,2/1/2022 0:59,2/1/2022 1:08,1,2,68,107,9,3,2.55,15.35,0
1,2/1/2022 0:09,2/1/2022 0:16,1,2.5,186,231,8.5,3,2.45,14.75,0
1,2/1/2022 0:25,2/1/2022 0:39,1,3.9,113,239,14.5,3,0,18.3,0
1,2/1/2022 0:55,2/1/2022 1:04,1,2.5,249,246,10,3,1,14.8,0
2,2/1/2022 0:04,2/1/2022 0:18,1,3.64,164,262,13,0.5,3.36,20.16,0
1,2/1/2022 0:05,2/1/2022 0:24,2,6.6,137,166,21,3,4.95,29.75,0
1,2/1/2022 0:15,2/1/2022 0:28,1,2.8,132,10,12,1.75,0,14.55,1.25
1,2/1/2022 0:54,2/1/2022 0:56,1,0.7,90,186,4,3,0,7.8,0
1,2/1/2022 0:46,2/1/2022 1:08,2,14.7,264,264,40.5,0.5,3,44.8,0
2,2/1/2022 0:35,2/1/2022 1:01,1,14.82,234,226,41,0.5,5,56.35,0
2,2/1/2022 0:10,2/1/2022 0:21,1,2.1,249,232,10,0.5,2.76,16.56,0
2,2/1/2022 0:30,2/1/2022 0:36,1,1.03,107,4,6,0.5,0,9.8,0
2,2/1/2022 0:21,2/1/2022 0:45,2,5.81,163,41,20.5,0.5,1.22,25.52,0
2,2/1/2022 0:17,2/1/2022 0:24,6,1.83,48,239,8,0.5,2.36,14.16,0
1,2/1/2022 0:14,2/1/2022 0:43,2,17,132,256,47.5,1.75,10,60.05,1.25
1,2/1/2022 0:53,2/1/2022 1:01,1,1.6,141,142,8,3,1,12.8,0
2,2/1/2022 0:36,2/1/2022 0:39,1,0.96,186,48,5,0.5,2.2,11,0
2,2/1/2022 0:14,2/1/2022 0:18,1,0.64,263,262,4.5,0.5,1.66,9.96,0
1,2/1/2022 0:08,2/1/2022 0:13,2,0.8,224,234,5.5,3,0,9.3,0
2,2/1/2022 0:18,2/1/2022 0:43,1,18.98,132,75,52,0,10,70.6,1.25
1,2/1/2022 0:03,2/1/2022 0:09,1,1,90,107,5.5,3,3,12.3,0
1,2/1/2022 0:41,2/1/2022 0:52,1,1.9,113,232,8.5,3,3.1,15.4,0
2,2/1/2022 0:51,2/1/2022 1:02,1,4.23,132,216,14,0.5,0,16.55,1.25
2,1/31/2022 23:38,1/31/2022 23:48,1,4.78,41,127,15,0.5,6,22.3,0
2,2/1/2022 0:13,2/1/2022 0:20,1,2.63,233,75,9.5,0.5,3.32,16.62,0
2,2/1/2022 0:29,2/1/2022 0:32,1,0.78,162,229,4.5,0.5,0,8.3,0
2,2/1/2022 0:50,2/1/2022 0:56,1,1.57,7,202,7,0.5,2.08,10.38,0
2,2/1/2022 0:10,2/1/2022 0:13,1,0.67,239,142,4.5,0.5,0,8.3,0
2,2/1/2022 0:21,2/1/2022 0:40,1,12.65,50,213,35.5,0.5,0,39.3,0
1,2/1/2022 0:15,2/1/2022 0:41,1,6.8,90,116,23,3,5.35,32.15,0
2,2/1/2022 0:17,2/1/2022 0:52,1,22.71,132,181,61,0.5,0,63.55,1.25
2,2/1/2022 0:30,2/1/2022 0:43,1,2.27,234,163,11,0.5,0.5,15.3,0
2,2/1/2022 0:18,2/1/2022 0:23,1,1.09,113,164,5.5,0.5,1.86,11.16,0
1,2/1/2022 0:12,2/1/2022 0:22,1,2.3,161,158,9.5,3,2,15.3,0
1,2/1/2022 0:26,2/1/2022 0:45,1,8.2,249,257,24,3,0,27.8,0
2,2/1/2022 0:00,2/1/2022 0:21,1,3.13,239,264,11,0.5,0,12.3,0
1,2/1/2022 0:02,2/1/2022 0:09,1,1.2,163,48,6.5,3,0,10.3,0
1,2/1/2022 0:47,2/1/2022 1:02,1,3.6,233,231,13.5,3,0,17.3,0
2,2/1/2022 0:24,2/1/2022 0:38,1,4.36,186,65,14.5,0.5,3.66,21.96,0
1,2/1/2022 0:14,2/1/2022 0:27,1,4.9,138,53,16,1.75,4.6,23.15,1.25
2,2/1/2022 0:36,2/1/2022 0:51,1,8.56,138,170,25,0.5,7.32,43.92,1.25
2,2/1/2022 0:26,2/1/2022 0:44,3,8.48,132,86,24.5,0.5,4,31.05,1.25
1,2/1/2022 0:19,2/1/2022 0:34,1,7.4,138,98,22,1.75,4.9,29.45,1.25
1,2/1/2022 0:54,2/1/2022 1:25,1,23.7,138,265,88.5,1.75,18.2,109.25,1.25
2,2/1/2022 0:04,2/1/2022 0:13,1,1.32,164,162,7.5,0.5,1.7,13,0
2,2/1/2022 0:14,2/1/2022 0:29,1,4.22,162,7,15,0.5,3.76,22.56,0
1,2/1/2022 0:12,2/1/2022 0:25,1,4.3,141,260,14.5,3,0,18.3,0
2,2/1/2022 0:15,2/1/2022 0:35,1,3.12,79,107,14.5,0.5,2,20.3,0
2,2/1/2022 0:06,2/1/2022 0:23,1,9.92,138,79,27.5,0.5,8.14,40.69,1.25
2,2/1/2022 0:30,2/1/2022 0:35,2,1.1,137,162,6,0.5,1.96,11.76,0
1,2/1/2022 0:25,2/1/2022 0:48,1,11.1,138,45,32.5,4.25,2,39.55,1.25
2,2/1/2022 0:04,2/1/2022 0:17,1,3.25,164,145,12.5,0.5,4.57,27.42,0
2,2/1/2022 0:10,2/1/2022 0:20,1,3.49,141,114,11.5,0.5,3,18.3,0
2,2/1/2022 0:29,2/1/2022 0:50,1,7.78,249,116,24,0.5,6.95,34.75,0
1,2/1/2022 0:13,2/1/2022 0:37,1,9.4,132,121,29.5,1.75,0,32.05,1.25
1,2/1/2022 0:07,2/1/2022 0:15,1,1.4,229,48,7,3,0,10.8,0
2,2/1/2022 0:25,2/1/2022 0:46,1,14.61,132,179,39.5,0.5,0,42.05,1.25
1,2/1/2022 0:26,2/1/2022 0:43,1,7.6,164,56,23.5,3,0,33.85,0
2,2/1/2022 0:04,2/1/2022 0:12,1,1.72,249,231,8,0.5,2.36,14.16,0
2,2/1/2022 0:07,2/1/2022 0:13,6,1.83,170,113,7.5,0.5,2.26,13.56,0
2,2/1/2022 0:17,2/1/2022 0:32,6,4.44,107,146,15.5,0.5,0,19.3,0
1,2/1/2022 0:10,2/1/2022 0:19,1,1.5,107,144,8.5,3,1,13.3,0
1,2/1/2022 0:20,2/1/2022 0:24,1,1.4,144,249,6.5,3,2.05,12.35,0
1,2/1/2022 0:49,2/1/2022 1:05,1,4.2,48,45,15,3,5,23.8,0
2,2/1/2022 0:04,2/1/2022 0:11,1,1.18,107,114,6.5,0.5,3.09,13.39,0
2,2/1/2022 0:17,2/1/2022 0:36,1,8.53,114,42,25.5,0.5,1,30.3,0
2,2/1/2022 0:11,2/1/2022 0:28,1,7.26,161,244,22.5,0.5,5,31.3,0
2,2/1/2022 0:49,2/1/2022 0:53,2,0.71,68,90,4.5,0.5,1.66,9.96,0
2,2/1/2022 0:10,2/1/2022 0:39,1,20.25,132,259,53,0.5,0,62.1,1.25
2,2/1/2022 0:17,2/1/2022 0:33,1,8.53,138,236,24.5,0.5,3.48,38.33,0
2,2/1/2022 0:52,2/1/2022 1:31,2,15.54,132,226,48,0.5,0,50.55,1.25
1,2/1/2022 0:13,2/1/2022 0:29,1,4.4,138,146,14.5,1.75,3.4,20.45,1.25
1,2/1/2022 0:46,2/1/2022 1:08,1,11.1,138,241,31,1.75,10.05,50.15,1.25
2,2/1/2022 0:30,2/1/2022 0:39,1,1.92,138,7,9,0.5,0,11.55,1.25
2,2/1/2022 0:50,2/1/2022 1:07,1,11.49,138,241,31.5,0.5,0,40.6,1.25
1,2/1/2022 0:06,2/1/2022 0:09,1,0.5,17,61,4.5,0.5,1.15,6.95,0
2,2/1/2022 0:08,2/1/2022 0:22,2,3.38,141,41,13,0.5,0,16.8,0
2,2/1/2022 0:30,2/1/2022 0:44,2,4.06,237,179,14,0.5,0,17.8,0
2,2/1/2022 0:01,2/1/2022 0:14,3,3.01,107,13,12,0.5,0,15.8,0
2,2/1/2022 0:39,2/1/2022 0:50,3,3.16,48,236,11,0.5,2.96,17.76,0
2,2/1/2022 0:10,2/1/2022 0:42,2,17.53,138,165,48.5,0.5,12.76,63.81,1.25
1,2/1/2022 0:17,2/1/2022 0:27,1,2.2,141,107,9,3,0,12.8,0
2,2/1/2022 0:17,2/1/2022 0:39,1,5.58,114,17,19.5,0.5,5,28.3,0
1,2/1/2022 0:45,2/1/2022 1:01,1,8.9,138,170,26,4.25,6.2,37.25,1.25
2,2/1/2022 0:13,2/1/2022 0:18,1,1.49,90,163,6,0.5,1.96,11.76,0
2,2/1/2022 0:21,2/1/2022 0:28,1,1.71,230,236,7.5,0.5,2.26,13.56,0
2,2/1/2022 0:46,2/1/2022 0:51,1,1.29,48,233,6,0.5,2.45,12.25,0
1,2/1/2022 0:22,2/1/2022 0:25,1,0.6,161,100,4.5,3,0,8.3,0
2,2/1/2022 0:36,2/1/2022 0:58,1,13.98,132,226,38.5,0.5,6.08,47.13,1.25
2,2/1/2022 0:49,2/1/2022 1:12,1,13.61,132,149,37.5,0.5,8.01,48.06,1.25
1,2/1/2022 0:36,2/1/2022 0:46,1,4.9,138,92,15.5,1.75,0,18.05,1.25
2,2/1/2022 0:16,2/1/2022 0:18,1,0.54,249,231,4,0.5,1.95,9.75,0
2,2/1/2022 0:19,2/1/2022 0:48,2,17.41,132,170,52,0,12.62,75.72,1.25
2,2/1/2022 0:02,2/1/2022 0:10,1,1.9,41,168,8.5,0.5,1.96,11.76,0
1,2/1/2022 0:26,2/1/2022 0:29,1,0.6,234,90,4.5,3,0,8.3,0
2,2/1/2022 0:08,2/1/2022 0:22,1,3.55,79,141,13,0.5,3.36,20.16,0
2,2/1/2022 0:15,2/1/2022 0:31,1,9.86,132,39,27.5,0.5,5.76,35.81,1.25
2,2/1/2022 0:19,2/1/2022 0:40,1,10.15,138,107,29,0.5,4,44.6,1.25
2,2/1/2022 0:53,2/1/2022 0:59,1,1.59,229,237,7,0.5,3.24,14.04,0
2,2/1/2022 0:04,2/1/2022 0:38,1,18.84,132,50,52,0,11.36,74.46,1.25
1,2/1/2022 0:43,2/1/2022 0:55,1,5.2,132,203,17,1.75,0,19.55,1.25
2,2/1/2022 0:06,2/1/2022 0:32,1,17.42,132,224,52,0,12.37,75.47,1.25
2,2/1/2022 0:54,2/1/2022 1:04,1,1.68,114,4,9,0.5,0,12.8,0
1,2/1/2022 0:29,2/1/2022 1:10,2,8.1,114,265,45,0,11.4,68.45,0
2,1/31/2022 23:56,2/1/2022 0:09,1,3.55,79,50,13,0.5,3.36,20.16,0
2,2/1/2022 0:53,2/1/2022 1:37,1,10.01,68,243,35.5,0.5,0,39.3,0
2,2/1/2022 0:29,2/1/2022 0:56,1,17.73,132,140,52,0,10,66.55,1.25
2,2/1/2022 0:45,2/1/2022 1:06,1,4.46,114,170,17.5,0.5,5.32,26.62,0
2,2/1/2022 0:03,2/1/2022 0:12,1,1.07,186,246,7.5,0.5,2.26,13.56,0
2,2/1/2022 0:15,2/1/2022 0:23,1,1.38,246,164,7,0.5,0,10.8,0
2,2/1/2022 0:25,2/1/2022 0:32,1,1.39,107,158,6.5,0.5,1,11.3,0
2,2/1/2022 0:35,2/1/2022 0:49,1,3.9,90,237,13.5,0.5,0,17.3,0
2,2/1/2022 0:49,2/1/2022 0:52,1,0.75,237,263,4.5,0.5,2.08,10.38,0
2,2/1/2022 0:20,2/1/2022 0:27,1,0.78,79,148,6,0.5,2.45,12.25,0
2,2/1/2022 0:04,2/1/2022 0:09,1,1.27,239,151,6,0.5,0,9.8,0
2,2/1/2022 0:03,2/1/2022 0:05,1,0.57,141,140,-4,-0.5,0,-7.8,0
2,2/1/2022 0:03,2/1/2022 0:05,1,0.57,141,140,4,0.5,0,7.8,0
2,2/1/2022 0:13,2/1/2022 0:17,1,1.17,141,229,5.5,0.5,1.86,11.16,0
2,2/1/2022 0:27,2/1/2022 0:35,1,1.41,161,137,7.5,0.5,1,12.3,0
2,2/1/2022 0:10,2/1/2022 0:28,1,8.88,233,244,26.5,0.5,3,33.3,0
2,2/1/2022 0:45,2/1/2022 0:51,1,1.55,263,75,7,0.5,2.5,13.3,0
1,2/1/2022 0:01,2/1/2022 0:09,1,1.6,238,41,8,3,1,12.8,0
1,2/1/2022 0:12,2/1/2022 0:15,1,0.7,75,74,4.5,0.5,0,5.8,0
2,2/1/2022 0:06,2/1/2022 0:39,1,18.43,132,163,52,0,12.62,75.72,1.25
2,2/1/2022 0:09,2/1/2022 0:16,1,1.1,48,162,6.5,0.5,0,10.3,0
2,2/1/2022 0:40,2/1/2022 0:44,1,0.71,42,42,4.5,0.5,0,5.8,0
2,2/1/2022 0:47,2/1/2022 0:55,1,1.27,137,186,7,0.5,0,10.8,0
2,2/1/2022 0:04,2/1/2022 0:16,1,3.19,246,166,11,0.5,4.44,19.24,0
2,2/1/2022 0:09,2/1/2022 0:24,2,3.8,41,140,14,0.5,5.34,23.14,0
2,2/1/2022 0:31,2/1/2022 0:40,2,3.5,141,79,11,0.5,4.44,19.24,0
2,2/1/2022 0:29,2/1/2022 0:59,6,18.04,132,186,52,0,15.78,78.88,1.25
2,2/1/2022 0:24,2/1/2022 0:26,1,0.87,90,249,4.5,0.5,1.66,9.96,0
2,2/1/2022 0:29,2/1/2022 0:46,1,4.16,249,237,15.5,0.5,1.93,21.23,0
2,2/1/2022 0:13,2/1/2022 0:43,1,10.9,114,22,33,0.5,11.04,47.84,0
2,2/1/2022 0:37,2/1/2022 0:38,1,0.66,237,237,4,0.5,0,7.8,0
2,2/1/2022 0:39,2/1/2022 0:54,1,3.24,237,238,13.5,0.5,0,17.3,0
1,2/1/2022 0:29,2/1/2022 0:36,2,0.7,211,231,6,3,1.95,11.75,0
2,2/1/2022 0:07,2/1/2022 0:09,1,0.77,186,90,4,0.5,2.34,10.14,0
2,2/1/2022 0:22,2/1/2022 0:26,1,0.91,234,246,5,0.5,1.2,10,0
2,2/1/2022 0:30,2/1/2022 0:30,1,0.01,90,264,-2.5,-0.5,0,-3.8,0
2,2/1/2022 0:30,2/1/2022 0:30,1,0.01,90,264,2.5,0.5,0,3.8,0
2,2/1/2022 0:57,2/1/2022 1:13,1,5.85,249,75,18,0.5,4.36,26.16,0
2,2/1/2022 0:05,2/1/2022 0:29,1,14.17,70,249,40,0.5,7.55,57.9,0
2,2/1/2022 0:25,2/1/2022 0:44,4,5.32,161,256,18.5,0.5,2,24.3,0
2,2/1/2022 0:55,2/1/2022 1:13,1,5.59,239,231,18.5,0.5,4.46,26.76,0
1,2/1/2022 0:04,2/1/2022 0:11,1,1.1,148,79,6.5,3,2.05,12.35,0
1,2/1/2022 0:35,2/1/2022 1:00,2,17.7,132,49,47.5,1.75,12.5,62.55,1.25
1,2/1/2022 0:40,2/1/2022 1:13,1,18.6,132,234,52,3.75,18.9,82,1.25
2,2/1/2022 0:20,2/1/2022 0:25,1,0.83,162,48,5.5,0.5,0.93,10.23,0
2,2/1/2022 0:28,2/1/2022 0:36,1,1.94,68,143,8,0.5,2.36,14.16,0
2,2/1/2022 0:40,2/1/2022 0:43,1,0.64,50,48,4.5,0.5,0.83,9.13,0
2,2/1/2022 0:56,2/1/2022 0:59,1,1.04,90,158,5,0.5,1.76,10.56,0
2,2/1/2022 0:09,2/1/2022 0:29,1,9.35,264,48,27.5,0.5,7.57,45.42,0
1,2/1/2022 0:05,2/1/2022 0:05,0,0,112,112,2.5,0.5,0,3.8,0
1,2/1/2022 0:34,2/1/2022 0:52,0,4.6,48,179,16.5,3,0,20.3,0
2,2/1/2022 0:01,2/1/2022 0:04,1,0.72,230,48,4.5,0.5,1.66,9.96,0
1,2/1/2022 0:01,2/1/2022 0:11,1,1.8,161,140,9,3,2,14.8,0
1,2/1/2022 0:15,2/1/2022 0:20,1,1,140,229,6,3,1.5,11.3,0
1,2/1/2022 0:28,2/1/2022 0:38,1,5.5,140,87,16.5,3,4.05,24.35,0
1,2/1/2022 0:51,2/1/2022 1:01,2,1.4,148,4,8.5,3,0,12.3,0
2,2/1/2022 0:41,2/1/2022 0:58,1,5.41,68,25,17.5,0.5,4.26,25.56,0
2,2/1/2022 0:44,2/1/2022 1:16,2,17.41,132,161,52,0,12.37,75.47,1.25
2,2/1/2022 0:25,2/1/2022 0:46,1,5.65,249,17,19.5,0.5,6.99,30.29,0
2,2/1/2022 0:36,2/1/2022 0:41,1,0.74,41,24,5,0.5,0,6.3,0
2,1/31/2022 23:56,2/1/2022 0:08,1,3.47,107,236,12,0.5,4.74,20.54,0
2,2/1/2022 0:04,2/1/2022 0:21,2,2.95,249,237,14,0.5,3.56,21.36,0
2,2/1/2022 0:35,2/1/2022 0:38,1,0.7,48,143,4,0.5,0.78,8.58,0
2,2/1/2022 0:47,2/1/2022 0:50,1,0.8,48,163,4.5,0.5,1.24,9.54,0
2,2/1/2022 0:01,2/1/2022 0:26,3,7.77,138,130,26,0.5,0,28.55,1.25
2,2/1/2022 0:36,2/1/2022 0:57,1,14.59,132,129,39.5,0.5,0,42.05,1.25
2,1/31/2022 23:51,2/1/2022 0:33,5,5.95,141,163,27.5,0.5,0,31.3,0
2,2/1/2022 0:08,2/1/2022 0:31,2,14.13,132,129,39,0.5,8.31,49.86,1.25
2,2/1/2022 0:26,2/1/2022 0:33,1,1.18,100,137,7,0.5,0,10.8,0
2,2/1/2022 0:55,2/1/2022 1:01,1,2.58,125,170,9,0.5,0,12.8,0
2,2/1/2022 0:04,2/1/2022 0:15,1,2.26,186,79,10,0.5,2.76,16.56,0
2,2/1/2022 0:33,2/1/2022 0:47,1,1.49,161,68,11,0.5,2.96,17.76,0
2,2/1/2022 0:58,2/1/2022 1:06,1,1.93,238,143,8,0.5,1,12.8,0
2,2/1/2022 0:25,2/1/2022 0:26,1,0.16,186,186,-2.5,-0.5,0,-6.3,0
2,2/1/2022 0:25,2/1/2022 0:26,1,0.16,186,186,2.5,0.5,0,6.3,0
2,2/1/2022 0:21,2/1/2022 0:41,1,14.74,132,179,39.5,0.5,10.2,52.25,1.25
2,2/1/2022 0:03,2/1/2022 0:18,1,2.02,260,129,11,0.5,0,12.3,0
2,2/1/2022 0:26,2/1/2022 0:37,1,1.58,129,129,8,0.5,0,9.3,0
2,2/1/2022 0:53,2/1/2022 1:17,1,14.87,132,260,41,0.5,8.71,52.26,1.25
2,2/1/2022 0:03,2/1/2022 0:08,1,1.18,230,143,6,0.5,1,10.8,0
2,2/1/2022 0:18,2/1/2022 0:30,1,6.6,48,116,19.5,0.5,4.66,27.96,0
2,2/1/2022 0:53,2/1/2022 1:03,1,1.98,230,142,9,0.5,2.56,15.36,0
2,2/1/2022 0:30,2/1/2022 0:49,1,9.05,132,98,26.5,0.5,0,29.05,1.25
2,2/1/2022 0:18,2/1/2022 0:30,1,4.23,186,261,13.5,0.5,3.46,20.76,0
2,2/1/2022 0:02,2/1/2022 0:07,1,1.41,141,262,6.5,0.5,1,11.3,0
1,2/1/2022 0:21,2/1/2022 0:26,1,1.8,237,75,7,3,2.15,12.95,0
2,2/1/2022 0:03,2/1/2022 0:17,1,5.59,234,263,18,0.5,1,22.8,0
2,2/1/2022 0:21,2/1/2022 0:40,1,5.25,141,223,18.5,0.5,4.46,26.76,0
1,2/1/2022 0:05,2/1/2022 0:12,1,2.2,48,90,8.5,3,0,12.3,0
1,2/1/2022 0:42,2/1/2022 1:04,2,8.5,249,116,26,3,3.5,33.3,0
2,2/1/2022 0:05,2/1/2022 0:10,2,1.08,161,164,5.5,0.5,1.86,11.16,0
2,2/1/2022 0:11,2/1/2022 0:18,1,1.84,162,50,7.5,0.5,3.39,14.69,0
2,2/1/2022 0:22,2/1/2022 0:41,1,13.85,74,216,37,0.5,0,44.85,0
2,2/1/2022 0:00,2/1/2022 0:09,4,2.24,113,230,9,0.5,2.56,15.36,0
2,2/1/2022 0:52,2/1/2022 1:14,3,6.33,79,37,21,0.5,4.96,29.76,0
2,2/1/2022 0:07,2/1/2022 0:16,1,1.76,40,181,8.5,0.5,2.94,12.74,0
2,2/1/2022 0:45,2/1/2022 0:51,1,2.4,238,48,8.5,0.5,0,12.3,0
2,2/1/2022 0:14,2/1/2022 0:28,1,2.68,68,229,11.5,0.5,3.06,18.36,0
2,1/31/2022 23:57,2/1/2022 0:01,5,0.76,238,239,5,0.5,1.32,10.12,0
2,2/1/2022 0:07,2/1/2022 0:17,5,3.58,48,24,13,0.5,5.04,21.84,0
2,2/1/2022 0:31,2/1/2022 0:49,1,8.85,158,116,26,0.5,0,29.8,0
2,2/1/2022 0:54,2/1/2022 0:54,1,0,116,116,7,0,7,14.3,0
2,2/1/2022 0:20,2/1/2022 0:33,1,4.4,239,114,14.5,3,3.65,21.95,0
2,2/1/2022 0:04,2/1/2022 0:12,1,1.73,162,236,8,0.5,1.15,12.95,0
2,2/1/2022 0:15,2/1/2022 0:22,1,1.04,236,262,6.5,0.5,2.06,12.36,0
2,2/1/2022 0:48,2/1/2022 0:50,2,0.81,236,236,4.5,0.5,0,8.3,0
2,2/1/2022 0:52,2/1/2022 1:06,1,3.11,79,48,12.5,0.5,4.08,20.38,0
2,2/1/2022 0:09,2/1/2022 0:19,1,2.6,263,42,10,0.5,0,13.8,0
2,2/1/2022 0:11,2/1/2022 0:13,1,0.31,50,48,3,0.5,0,6.8,0
2,2/1/2022 0:14,2/1/2022 0:17,1,0.8,186,48,4.5,3,0,8.3,0
2,2/1/2022 0:52,2/1/2022 1:37,1,23.6,132,48,66,4.25,5,82.6,1.25
2,2/1/2022 0:02,2/1/2022 0:47,1,8.36,249,188,33,0.5,7.36,44.16,0
2,2/1/2022 0:00,2/1/2022 0:06,1,1.22,90,114,6,0.5,0,9.8,0
2,2/1/2022 0:01,2/1/2022 0:28,1,6.45,170,225,23.5,0.5,0,27.3,0
2,2/1/2022 0:09,2/1/2022 0:27,1,4.03,186,236,15.5,0.5,5.79,25.09,0
2,2/1/2022 0:33,2/1/2022 0:45,1,2.39,263,238,11,0.5,2.96,17.76,0
2,2/1/2022 0:10,2/1/2022 0:22,1,4.44,79,142,14,0.5,3.56,21.36,0
2,2/1/2022 0:54,2/1/2022 1:00,1,1.87,48,68,7,0.5,1,11.8,0
2,2/1/2022 0:13,2/1/2022 0:26,1,3.1,170,239,12,0.5,3.16,18.96,0
2,2/1/2022 0:16,2/1/2022 0:26,1,1.84,43,42,9,0.5,0,10.3,0
2,2/1/2022 0:49,2/1/2022 1:36,3,10.1,161,102,37,0.5,15,55.8,0
2,2/1/2022 0:06,2/1/2022 0:37,2,19.2,132,263,52,0,12.62,75.72,1.25
2,2/1/2022 0:42,2/1/2022 0:45,2,0.42,263,236,4,0.5,1.56,9.36,0
2,2/1/2022 0:19,2/1/2022 0:44,2,13.1,138,61,38.5,1.75,8,49.05,1.25
2,2/1/2022 0:53,2/1/2022 1:06,1,3.9,181,228,14.5,0.5,0,15.8,0
2,2/1/2022 0:23,2/1/2022 0:28,5,1.7,114,107,7,0.5,2.7,13.5,0
2,2/1/2022 0:58,2/1/2022 1:23,5,13.42,48,130,37.5,0.5,9.57,57.42,0
2,2/1/2022 0:50,2/1/2022 0:53,1,0.6,264,264,4.5,0.5,1.66,9.96,0
2,2/1/2022 0:23,2/1/2022 0:33,1,3.35,90,43,11.5,0.5,3.06,18.36,0
2,2/1/2022 0:37,2/1/2022 0:49,1,3,239,116,11.5,0.5,0,15.3,0
2,2/1/2022 0:04,2/1/2022 0:08,1,1.74,90,230,6.5,0.5,2.58,12.88,0
2,2/1/2022 0:10,2/1/2022 0:21,1,3.23,163,263,12,0.5,0,15.8,0
2,2/1/2022 0:29,2/1/2022 0:51,1,6.63,141,102,22.5,0.5,6.58,32.88,0
2,2/1/2022 0:07,2/1/2022 0:23,1,3.51,239,42,14,0.5,3.56,21.36,0
2,2/1/2022 0:07,2/1/2022 0:17,1,3.82,79,141,12.5,0.5,4.89,21.19,0
2,2/1/2022 0:37,2/1/2022 0:59,2,15.77,132,145,43,0.5,8.86,54.41,1.25
2,2/1/2022 0:52,2/1/2022 1:18,1,31.65,132,265,60.5,0.5,0,63.05,1.25
2,2/1/2022 0:02,2/1/2022 0:05,1,0.3,249,68,4,3,2.3,10.1,0
2,2/1/2022 0:23,2/1/2022 0:28,1,1.1,230,229,6,3,1.95,11.75,0
2,2/1/2022 0:30,2/1/2022 0:32,1,0.4,233,162,3.5,3,0,7.3,0
2,2/1/2022 0:04,2/1/2022 0:12,1,2.4,163,249,9,3,0,12.8,0
2,2/1/2022 0:39,2/1/2022 0:54,2,4.9,249,263,16,3,3.95,23.75,0
2,2/1/2022 0:23,2/1/2022 0:47,1,11.7,132,201,34.5,1.75,0,39.5,1.25
2,2/1/2022 0:29,2/1/2022 0:59,1,17.07,132,140,52,0,0.07,56.62,1.25
2,2/1/2022 0:33,2/1/2022 0:49,1,8.99,138,151,25.5,0.5,6.67,41.27,1.25
2,1/31/2022 23:57,2/1/2022 0:30,1,22.94,132,241,61.5,0.5,14.12,84.72,1.25
2,2/1/2022 0:05,2/1/2022 0:21,5,4.71,79,263,14.5,0.5,0,18.3,0
2,2/1/2022 0:25,2/1/2022 0:38,1,4.12,231,112,14.5,0.5,3.66,21.96,0
2,2/1/2022 0:00,2/1/2022 0:17,1,4.91,113,238,17,0.5,4.16,24.96,0
2,2/1/2022 0:26,2/1/2022 0:30,2,0.79,143,239,5.5,0.5,1.86,11.16,0
2,2/1/2022 0:57,2/1/2022 1:06,1,2.52,158,48,9.5,0.5,2,15.3,0
2,2/1/2022 0:22,2/1/2022 0:48,2,18.92,132,262,52,0,12.62,75.72,1.25
2,2/1/2022 0:15,2/1/2022 0:23,2,1.1,107,79,7,3,0,10.8,0
2,2/1/2022 0:39,2/1/2022 0:44,1,1.31,48,90,6,0.5,0,9.8,0
2,2/1/2022 0:14,2/1/2022 0:45,2,14.01,138,61,40,0.5,0,42.55,1.25
2,2/1/2022 0:24,2/1/2022 0:30,1,1.84,140,75,30,0,6.66,39.96,0
2,2/1/2022 0:39,2/1/2022 0:56,1,6.65,138,41,21,0.5,0,30.1,1.25
2,2/1/2022 0:34,2/1/2022 0:49,1,4.1,233,112,14.5,3,0,18.3,0
2,2/1/2022 0:10,2/1/2022 0:26,1,3.73,48,41,15,0.5,5.64,24.44,0
2,2/1/2022 0:43,2/1/2022 1:05,1,16.96,132,140,52,0,11.31,67.86,1.25
2,2/1/2022 0:20,2/1/2022 0:26,1,1.65,48,233,7,0.5,2.7,13.5,0
2,2/1/2022 0:30,2/1/2022 0:36,1,1.85,233,141,7.5,0.5,1,12.3,0
2,2/1/2022 0:43,2/1/2022 0:52,1,3.25,141,79,11,0.5,2.96,17.76,0
2,2/1/2022 0:02,2/1/2022 0:12,1,3.11,68,238,11,0.5,2.96,17.76,0
2,2/1/2022 0:18,2/1/2022 0:28,1,2.13,143,100,9.5,0.5,5,18.3,0
2,2/1/2022 0:43,2/1/2022 0:53,1,2.29,68,162,9.5,0.5,2.66,15.96,0
2,2/1/2022 0:39,2/1/2022 1:04,5,12.38,132,83,35.5,0.5,0,36.8,1.25
2,2/1/2022 0:23,2/1/2022 0:34,1,1.7,238,236,9,3,0,12.8,0
2,2/1/2022 0:48,2/1/2022 0:56,2,1.5,164,230,7.5,3,0,11.3,0
2,2/1/2022 0:32,2/1/2022 1:03,2,14.87,132,226,43.5,0.5,0,46.05,1.25
2,2/1/2022 0:23,2/1/2022 0:54,1,18,132,79,52,3.75,0,56.55,1.25
2,2/1/2022 0:18,2/1/2022 0:53,1,19.8,132,62,54,0.5,1.45,58,1.25
2,2/1/2022 0:08,2/1/2022 0:30,1,6.83,138,229,22,0.5,5.41,32.46,1.25
2,2/1/2022 0:37,2/1/2022 0:56,1,4.9,237,129,18,3,2,23.8,0
2,1/31/2022 23:26,1/31/2022 23:37,5,2.37,148,90,10,0.5,2.76,16.56,0
2,2/1/2022 0:34,2/1/2022 0:36,1,0.62,234,90,4,0.5,1.56,9.36,0
2,2/1/2022 0:11,2/1/2022 0:33,1,0,50,144,13,0.5,4.2,21,0
2,2/1/2022 0:41,2/1/2022 0:58,1,7.5,132,76,22.5,1.75,0,25.05,1.25
2,2/1/2022 0:35,2/1/2022 1:03,1,17.43,132,141,52,0,11.31,67.86,1.25
2,2/1/2022 0:28,2/1/2022 0:34,1,1.13,230,68,6.5,0.5,2.06,12.36,0
2,2/1/2022 0:59,2/1/2022 1:37,1,19.5,132,107,52,3.75,0,56.55,1.25
2,2/1/2022 0:57,2/1/2022 1:03,1,2.18,137,141,8,0.5,0,11.8,0
2,2/1/2022 0:36,2/1/2022 0:40,1,0.6,170,162,4.5,3,1.65,9.95,0
2,2/1/2022 0:52,2/1/2022 0:56,1,1.1,48,68,5.5,3,0,9.3,0
2,2/1/2022 0:12,2/1/2022 0:12,2,0,132,132,-2.5,-0.5,0,-5.05,-1.25
2,2/1/2022 0:12,2/1/2022 0:12,2,0,132,132,2.5,0.5,0,5.05,1.25
2,2/1/2022 0:13,2/1/2022 0:46,2,19.43,132,43,52,0,10,70.6,1.25
2,2/1/2022 0:13,2/1/2022 0:27,1,5.87,132,130,19,0.5,4,25.55,1.25
2,2/1/2022 0:41,2/1/2022 1:09,3,6.8,264,264,24,0.5,0,27.8,0
1,2/1/2022 0:07,2/1/2022 0:26,1,4.3,186,261,16.5,3,0,20.3,0
1,2/1/2022 0:06,2/1/2022 0:20,1,3.1,234,239,12.5,3,2,18.3,0
2,2/1/2022 0:03,2/1/2022 0:13,1,2.37,148,137,10,0.5,2.76,16.56,0
2,2/1/2022 0:18,2/1/2022 0:24,1,1.1,164,68,6,0.5,1,10.8,0
2,2/1/2022 0:19,2/1/2022 0:27,3,2.3,233,141,8.5,0.5,0.5,12.8,0
2,2/1/2022 0:07,2/1/2022 0:26,1,3.77,88,49,15,0.5,3.76,22.56,0
2,2/1/2022 0:03,2/1/2022 0:07,1,0.89,237,141,5,0.5,1.76,10.56,0
2,2/1/2022 0:09,2/1/2022 0:12,1,1.03,141,162,5,0.5,1.76,10.56,0
1,2/1/2022 0:12,2/1/2022 0:18,1,1,249,90,6,3,0,9.8,0
2,2/1/2022 0:01,2/1/2022 0:16,1,3.44,263,166,13.5,0.5,1,18.3,0
2,2/1/2022 0:18,2/1/2022 0:23,1,0.92,166,24,5.5,0.5,1,7.8,0
1,2/1/2022 0:03,2/1/2022 0:08,0,0.7,170,100,5,3,0,8.8,0
1,2/1/2022 0:12,2/1/2022 0:19,0,1.4,90,246,7,3,1,11.8,0
2,2/1/2022 0:19,2/1/2022 0:24,2,0.96,263,238,5.5,0.5,0,9.3,0
2,2/1/2022 0:17,2/1/2022 0:37,2,4.97,186,41,18.5,0.5,3.34,25.64,0
2,2/1/2022 0:19,2/1/2022 0:50,1,17.58,132,170,52,0,5,68.1,1.25
2,2/1/2022 0:10,2/1/2022 0:59,1,0.75,230,230,6,0.5,0,9.8,0
2,2/1/2022 0:10,2/1/2022 1:07,1,1.63,48,142,-7.5,-0.5,0,-11.3,0
2,2/1/2022 0:10,2/1/2022 1:07,1,1.63,48,142,7.5,0.5,0,11.3,0
2,2/1/2022 0:24,2/1/2022 0:52,1,9.74,138,68,31,0.5,8.27,50.87,1.25
1,2/1/2022 0:24,2/1/2022 0:42,1,2.9,230,263,13.5,2.5,0,16.8,0
1,2/1/2022 0:18,2/1/2022 0:38,1,9.1,249,244,27.5,3,6.25,37.55,0
2,2/1/2022 0:09,2/1/2022 0:12,1,0.51,234,107,4,0.5,0,7.8,0
2,2/1/2022 0:13,2/1/2022 0:21,1,1.2,107,4,7,0.5,2.16,12.96,0
2,2/1/2022 0:25,2/1/2022 0:32,1,1.54,4,107,7,0.5,1,11.8,0
2,2/1/2022 0:00,2/1/2022 0:01,2,0.46,140,140,3.5,0.5,1.46,8.76,0
2,2/1/2022 0:50,2/1/2022 0:58,2,1.33,48,229,7,0.5,2.16,12.96,0
2,2/1/2022 0:49,2/1/2022 1:13,5,14.19,132,149,40.5,0.5,5,48.05,1.25
2,2/1/2022 0:00,2/1/2022 0:15,1,6.53,132,258,20,0.5,0,22.55,1.25
1,2/1/2022 0:13,2/1/2022 0:25,1,1.7,107,158,9.5,3,3.99,17.29,0
1,2/1/2022 0:34,2/1/2022 0:50,1,3.7,249,237,14,3,3.55,21.35,0
2,2/1/2022 0:04,2/1/2022 0:13,1,2,163,239,9.5,0.5,3.99,17.29,0
2,2/1/2022 0:33,2/1/2022 0:38,2,1.89,90,48,7,0.5,3.24,14.04,0
2,2/1/2022 0:05,2/1/2022 0:11,1,1.64,239,48,7,0.5,2,12.8,0
1,2/1/2022 0:25,2/1/2022 0:52,1,17.5,132,186,52,3.75,12.6,75.7,1.25
2,2/1/2022 0:33,2/1/2022 1:02,3,18.11,132,97,49,0.5,12.89,64.44,1.25
2,2/1/2022 0:18,2/1/2022 0:35,2,7.21,138,80,23,0.5,4.86,30.41,1.25
2,2/1/2022 0:44,2/1/2022 0:49,6,0.72,239,143,5,0.5,1.76,10.56,0
2,2/1/2022 0:52,2/1/2022 1:01,6,1.94,142,140,9,0.5,1,13.8,0
1,2/1/2022 0:06,2/1/2022 0:15,1,1.4,48,162,8,3,2.35,14.15,0
1,2/1/2022 0:56,2/1/2022 0:57,1,0.2,79,79,3,3,7,13.8,0
2,2/1/2022 0:18,2/1/2022 0:39,1,10.84,138,258,30.5,0.5,2,35.05,1.25
1,2/1/2022 0:40,2/1/2022 0:48,1,1.1,68,161,7,3,0,10.8,0
1,2/1/2022 0:05,2/1/2022 0:20,1,8.2,138,262,24,3,6,40.35,0
1,2/1/2022 0:31,2/1/2022 0:46,2,0.8,141,161,10,3,0,13.8,0
2,2/1/2022 0:40,2/1/2022 0:41,1,0,144,144,52,0,11.06,66.36,0
2,2/1/2022 0:15,2/1/2022 0:25,1,2.35,161,90,9.5,0.5,0,13.3,0
1,2/1/2022 0:02,2/1/2022 0:09,3,1.7,164,48,8,3,2.35,14.15,0
1,2/1/2022 0:18,2/1/2022 0:25,1,0.9,161,233,6.5,3,2.06,12.36,0
1,2/1/2022 0:37,2/1/2022 0:38,1,0.3,170,164,3.5,3,0,7.3,0
2,2/1/2022 0:24,2/1/2022 0:35,1,2.81,161,158,11,0.5,0,14.8,0
2,2/1/2022 0:38,2/1/2022 0:59,1,6.57,90,116,21,0.5,4.96,29.76,0
2,2/1/2022 0:11,2/1/2022 0:17,2,3.21,138,179,10.5,0.5,3.92,16.97,1.25
2,2/1/2022 0:01,2/1/2022 0:04,2,0.42,230,48,4,0.5,1.56,9.36,0
2,2/1/2022 0:12,2/1/2022 0:21,1,3.91,68,238,12.5,0.5,3.7,20,0
2,2/1/2022 0:07,2/1/2022 0:18,1,2.05,74,166,9.5,0.5,0,10.8,0
1,2/1/2022 0:08,2/1/2022 0:44,3,19.9,132,249,52,3.75,10.18,66.73,1.25
1,2/1/2022 0:56,2/1/2022 1:01,1,2.2,170,141,7.5,3,2.8,14.1,0
1,2/1/2022 0:50,2/1/2022 1:07,1,2.4,249,170,12.5,3.5,5,21.8,0
1,2/1/2022 0:15,2/1/2022 0:21,1,0.9,164,170,6,3,1,10.8,0
1,2/1/2022 0:50,2/1/2022 0:57,1,2,249,48,8,3,2,13.8,0
1,2/1/2022 0:59,2/1/2022 1:04,1,1.3,48,142,6.5,3,0,10.3,0
2,2/1/2022 0:09,2/1/2022 0:12,1,0.6,234,107,4.5,0.5,1.66,9.96,0
1,2/1/2022 0:20,2/1/2022 0:25,1,1,142,163,6,3,1.95,11.75,0
1,2/1/2022 0:42,2/1/2022 0:47,1,0.7,48,163,5,3,2.6,11.4,0
1,2/1/2022 0:54,2/1/2022 1:04,1,3,234,261,10.5,3,2,16.3,0
1,2/1/2022 0:02,2/1/2022 0:39,1,18,132,48,52,3.75,11.3,67.85,1.25
1,2/1/2022 0:47,2/1/2022 0:50,1,0.8,100,90,4.5,3,0,8.3,0
1,2/1/2022 0:55,2/1/2022 1:02,1,2,90,48,7.5,3,3.4,14.7,0
1,2/1/2022 0:18,2/1/2022 0:26,1,1.3,137,100,6.5,3,0,10.3,0
2,2/1/2022 0:07,2/1/2022 0:19,1,2.41,144,170,11,0.5,2.2,17,0
2,2/1/2022 0:07,2/1/2022 0:14,1,2.06,164,249,8,0.5,3.54,15.34,0
1,2/1/2022 0:45,2/1/2022 1:12,2,14.5,132,89,41,1.75,0,43.55,1.25
2,2/1/2022 0:26,2/1/2022 0:54,1,17.76,132,49,48,0.5,7.58,58.13,1.25
1,2/1/2022 0:21,2/1/2022 0:35,2,3,48,249,12.5,3,0,16.3,0
1,2/1/2022 0:59,2/1/2022 1:01,1,0.3,236,236,3.5,3,1.33,8.63,0
1,2/1/2022 0:08,2/1/2022 0:43,0,19.4,132,142,52,3.75,6.9,70,1.25
2,2/1/2022 0:34,2/1/2022 0:54,1,4.99,230,42,18,0.5,0,21.8,0
1,2/1/2022 0:09,2/1/2022 0:36,1,4.5,114,236,20.5,3,6.08,30.38,0
1,2/1/2022 0:06,2/1/2022 0:11,1,0.7,230,48,5,3,1.75,10.55,0
2,2/1/2022 0:16,2/1/2022 0:31,1,5.24,211,80,17.5,0.5,2,23.3,0
2,2/1/2022 0:47,2/1/2022 0:52,1,2.11,107,141,7.5,0.5,0,11.3,0
2,2/1/2022 0:04,2/1/2022 0:17,1,4.04,48,75,13.5,0.5,0,17.3,0
2,2/1/2022 0:02,2/1/2022 0:11,1,1.79,142,238,8.5,0.5,2.46,14.76,0
2,2/1/2022 0:23,2/1/2022 0:29,1,2.44,263,170,8.5,0.5,2,14.3,0
2,2/1/2022 0:16,2/1/2022 0:23,6,1.28,239,163,7,0.5,2.16,12.96,0
2,2/1/2022 0:33,2/1/2022 0:37,6,0.55,249,114,5,0.5,1.76,10.56,0
2,2/1/2022 0:51,2/1/2022 1:15,1,9.98,249,228,30.5,0.5,5,39.3,0
1,2/1/2022 0:06,2/1/2022 0:11,1,1.6,48,68,6.5,3,2.05,12.35,0
2,2/1/2022 0:10,2/1/2022 0:29,1,5.37,170,87,18,0.5,4.36,26.16,0
2,2/1/2022 0:36,2/1/2022 0:59,1,4.69,87,48,18,0.5,2,23.8,0
2,2/1/2022 0:10,2/1/2022 0:17,1,1.49,87,144,7.5,0.5,0,11.3,0
2,2/1/2022 0:44,2/1/2022 1:05,1,7.76,249,116,24.5,0.5,5.66,33.96,0
2,2/1/2022 0:19,2/1/2022 0:39,2,11.23,142,200,32,0.5,4,42.8,0
2,2/1/2022 0:24,2/1/2022 1:00,1,18.53,132,249,52,0,12.62,75.72,1.25
1,2/1/2022 0:08,2/1/2022 0:15,1,2,137,237,8,3,2.95,14.75,0
1,2/1/2022 0:17,2/1/2022 0:23,1,1.3,237,140,7,3,0,10.8,0
1,2/1/2022 0:37,2/1/2022 0:44,1,2.3,237,41,8.5,3,0,12.3,0
2,2/1/2022 0:41,2/1/2022 1:10,2,19.94,132,236,52,0,12.37,75.47,1.25
2,2/1/2022 0:01,2/1/2022 0:07,1,2.71,161,75,9,0.5,0,12.8,0
2,2/1/2022 0:25,2/1/2022 0:33,1,2.99,68,143,10,0.5,2.76,16.56,0
1,2/1/2022 0:12,2/1/2022 0:17,1,1.4,90,48,6.5,3,3,13.3,0
1,2/1/2022 0:33,2/1/2022 0:45,1,3.5,48,75,12.5,3,0,16.3,0
2,2/1/2022 0:08,2/1/2022 0:23,1,10.7,138,175,29.5,0.5,2,34.05,1.25
2,2/1/2022 0:44,2/1/2022 1:00,1,3.65,141,7,-13.5,-0.5,0,-17.3,0
2,2/1/2022 0:44,2/1/2022 1:00,1,3.65,141,7,13.5,0.5,0,17.3,0
1,2/1/2022 0:12,2/1/2022 0:22,1,1.5,249,148,8.5,3,0,12.3,0
1,2/1/2022 0:32,2/1/2022 0:51,1,4.8,79,263,17.5,3,0,21.3,0
2,2/1/2022 0:52,2/1/2022 1:05,5,3.7,237,79,13.5,0.5,3.46,20.76,0
2,2/1/2022 0:27,2/1/2022 0:34,1,2.5,249,48,9,0.5,2.56,15.36,0
2,2/1/2022 0:47,2/1/2022 0:52,3,1.49,186,48,6.5,0.5,2.06,12.36,0
1,2/1/2022 0:08,2/1/2022 0:37,1,18.8,132,65,50.5,1.75,10.61,63.66,1.25
2,2/1/2022 0:18,2/1/2022 0:43,1,11.42,138,107,34,0.5,8.87,54.47,1.25
1,2/1/2022 0:47,2/1/2022 1:13,1,6,186,42,22.5,3,5.25,31.55,0
1,2/1/2022 0:02,2/1/2022 0:06,1,1,107,233,5,3,1.75,10.55,0
1,2/1/2022 0:10,2/1/2022 0:19,1,2.6,233,146,10,3,0,13.8,0
1,2/1/2022 0:06,2/1/2022 0:14,1,1.4,264,264,7.5,0.5,2.2,11,0
1,2/1/2022 0:18,2/1/2022 0:23,1,0.7,264,264,5.5,0.5,0,6.8,0
2,2/1/2022 0:08,2/1/2022 0:31,1,13.04,170,58,36,0.5,0,39.8,0
2,2/1/2022 0:58,2/1/2022 1:02,1,0.63,263,75,4.5,0.5,0,8.3,0
2,2/1/2022 0:19,2/1/2022 0:48,1,12.06,138,246,35,0.5,9.07,55.67,1.25
2,2/1/2022 0:09,2/1/2022 0:18,1,2.22,144,164,9.5,0.5,3.99,17.29,0
2,2/1/2022 0:22,2/1/2022 0:41,1,4.12,230,7,16,0.5,3,22.8,0
2,2/1/2022 0:42,2/1/2022 1:08,1,7.15,234,223,23.5,0.5,5.46,32.76,0
2,2/1/2022 0:17,2/1/2022 0:46,2,11.58,138,113,34.5,0.5,7.12,46.67,1.25
1,2/1/2022 0:35,2/1/2022 0:45,1,1.6,249,224,8.5,3,1.85,14.15,0
2,2/1/2022 0:35,2/1/2022 1:00,1,9.86,90,69,30,0.5,0,33.8,0
2,2/1/2022 0:05,2/1/2022 0:26,1,15.05,132,112,40.5,0.5,10.76,53.81,1.25
2,2/1/2022 0:01,2/1/2022 0:13,1,2.65,163,24,11.5,0.5,0,15.3,0
2,1/31/2022 23:40,1/31/2022 23:45,2,1.05,125,231,6,0.5,1.96,11.76,0
2,2/1/2022 0:01,2/1/2022 0:24,2,6.54,144,24,21.5,0.5,5.06,30.36,0
2,2/1/2022 0:02,2/1/2022 0:05,1,1.14,170,234,5.5,0.5,1.86,11.16,0
2,2/1/2022 0:26,2/1/2022 0:40,4,4.36,138,171,15,0.5,0,17.55,1.25
1,2/1/2022 0:00,2/1/2022 0:28,1,17.2,132,141,52,3.75,11.3,67.85,1.25
2,2/1/2022 0:18,2/1/2022 0:34,1,8.03,263,265,45,0,11.91,71.46,0
1,2/1/2022 0:40,2/1/2022 1:06,1,18.5,132,161,52,3.75,12.6,75.7,1.25
2,2/1/2022 0:04,2/1/2022 0:08,1,0.41,148,4,4.5,0.5,1.66,9.96,0
2,2/1/2022 0:19,2/1/2022 0:31,1,2.79,142,263,11.5,0.5,3.82,19.12,0
2,2/1/2022 0:36,2/1/2022 0:40,1,1.11,141,162,5.5,0.5,1.86,11.16,0
2,2/1/2022 0:07,2/1/2022 0:24,1,3.47,68,148,14,0.5,3.56,21.36,0
2,2/1/2022 0:36,2/1/2022 0:43,1,1.5,107,68,7,0.5,1,11.8,0
2,2/1/2022 0:27,2/1/2022 0:31,1,1.66,79,170,6.5,0.5,2.06,12.36,0
2,2/1/2022 0:41,2/1/2022 0:54,1,5.13,107,75,15.5,0.5,0,19.3,0
2,2/1/2022 0:36,2/1/2022 0:52,1,3.78,249,141,14,0.5,3.56,21.36,0
1,2/1/2022 0:18,2/1/2022 0:35,1,10.3,138,211,29,4.25,10.2,44.25,1.25
1,2/1/2022 0:46,2/1/2022 0:51,1,1.1,230,164,6,3,0,9.8,0
1,2/1/2022 0:56,2/1/2022 1:01,1,1.3,186,48,6,3,2.45,12.25,0
2,2/1/2022 0:22,2/1/2022 0:52,1,18.65,132,79,52,0,0,63.1,1.25
1,2/1/2022 0:08,2/1/2022 0:31,1,7.3,186,42,25,3,0,28.8,0
1,2/1/2022 0:46,2/1/2022 0:55,1,4.2,24,244,14,0.5,2.7,18,0
2,2/1/2022 0:11,2/1/2022 0:24,1,3.8,163,75,14,0.5,3.56,21.36,0
2,2/1/2022 0:52,2/1/2022 1:05,1,4.63,249,238,15,0.5,3.76,22.56,0
2,2/1/2022 0:14,2/1/2022 0:26,2,3.33,68,231,12.5,0.5,3.26,19.56,0
2,2/1/2022 0:38,2/1/2022 0:41,1,1.41,68,230,6,0.5,0,9.8,0
2,2/1/2022 0:00,2/1/2022 0:19,1,10.2,132,39,30,0.5,6.26,38.81,1.25
2,2/1/2022 0:32,2/1/2022 1:00,1,20.55,132,49,55,0.5,14.39,71.94,1.25
2,2/1/2022 0:13,2/1/2022 0:26,3,5.16,138,226,16.5,0.5,0,19.05,1.25
2,2/1/2022 0:14,2/1/2022 0:20,1,1.95,141,137,7.5,0.5,2.26,13.56,0
2,1/31/2022 23:59,2/1/2022 0:06,2,2.92,162,75,10,0.5,3.45,17.25,0
1,2/1/2022 0:48,2/1/2022 1:14,1,18,132,42,52,1.25,12.1,72.7,1.25
2,2/1/2022 0:21,2/1/2022 0:47,4,14.27,132,36,39,0.5,5,46.55,1.25
2,2/1/2022 0:18,2/1/2022 0:30,1,2.59,249,137,10.5,0.5,2.86,17.16,0
2,2/1/2022 0:43,2/1/2022 1:02,1,5.38,246,75,18.5,0.5,0,22.3,0
2,2/1/2022 0:10,2/1/2022 0:19,1,2.32,107,230,9.5,0.5,2.66,15.96,0
2,2/1/2022 0:22,2/1/2022 0:26,1,0.9,230,142,-5,-0.5,0,-8.8,0
2,2/1/2022 0:22,2/1/2022 0:26,1,0.9,230,142,5,0.5,0,8.8,0
2,2/1/2022 0:44,2/1/2022 1:01,1,4.49,186,262,15.5,0.5,0,19.3,0
2,2/1/2022 0:04,2/1/2022 0:32,1,19.27,132,236,52,0,5,68.1,1.25
2,2/1/2022 0:32,2/1/2022 1:02,1,19.75,132,238,52,0,7,67.6,1.25
1,2/1/2022 0:42,2/1/2022 1:06,1,20.1,132,140,52,2.5,10,71.85,0
2,2/1/2022 1:00,2/1/2022 1:30,1,8.74,48,188,28,0.5,6.36,38.16,0
2,2/1/2022 0:13,2/1/2022 0:45,1,11.87,186,14,35.5,0.5,0,39.3,0
2,2/1/2022 0:42,2/1/2022 1:04,1,8.42,237,160,25.5,0.5,5.86,35.16,0
2,2/1/2022 0:08,2/1/2022 0:43,1,18.61,132,50,52,0,12.37,75.47,1.25
2,2/1/2022 0:31,2/1/2022 0:36,1,0.8,113,79,5.5,0.5,0,9.3,0
2,2/1/2022 0:38,2/1/2022 0:44,1,1.25,79,232,7,0.5,2.16,12.96,0
2,2/1/2022 0:58,2/1/2022 1:05,1,2.51,114,230,9,0.5,0,12.8,0
2,2/1/2022 0:08,2/1/2022 0:44,1,22.23,132,143,52,0,18.55,81.65,1.25
2,2/1/2022 0:47,2/1/2022 1:09,1,17.85,132,212,47.5,0.5,5,61.6,1.25
2,2/1/2022 0:41,2/1/2022 0:57,1,5.45,132,205,18,0.5,0,20.55,1.25
2,2/1/2022 0:29,2/1/2022 0:47,1,7.99,238,60,24.5,0.5,0,25.8,0
2,2/1/2022 0:47,2/1/2022 0:54,1,1.51,186,233,7.5,0.5,2,13.3,0
2,2/1/2022 0:30,2/1/2022 0:32,1,0.37,116,152,3.5,0.5,1.44,6.24,0
2,2/1/2022 0:46,2/1/2022 1:07,1,3.96,238,233,16.5,0.5,5.08,25.38,0
2,2/1/2022 0:51,2/1/2022 0:57,1,1.96,249,230,7.5,0.5,0,11.3,0
2,2/1/2022 0:07,2/1/2022 0:09,1,0.18,68,100,3,0.5,0,6.8,0
2,2/1/2022 0:12,2/1/2022 0:16,1,0.83,100,170,5,0.5,0,8.8,0
1,2/1/2022 0:02,2/1/2022 0:09,1,1.6,162,107,7,3,2.15,12.95,0
1,2/1/2022 0:16,2/1/2022 0:35,1,1.9,107,48,12,3,0,15.8,0
1,2/1/2022 0:54,2/1/2022 1:03,2,1.4,170,50,8,3,2.35,14.15,0
2,2/1/2022 0:24,2/1/2022 0:31,1,1.88,68,50,8,0.5,2.36,14.16,0
2,2/1/2022 0:54,2/1/2022 0:56,1,0.22,48,48,3,0.5,1.36,8.16,0
2,2/1/2022 0:12,2/1/2022 0:27,1,3.49,68,87,13.5,0.5,2.7,20,0
2,2/1/2022 0:10,2/1/2022 0:14,1,0.97,68,48,5,0.5,0,8.8,0
2,2/1/2022 0:41,2/1/2022 0:46,1,1.1,161,163,5.5,0.5,0.93,10.23,0
2,2/1/2022 0:16,2/1/2022 0:47,1,6.48,186,225,25.5,0.5,1,30.3,0
2,2/1/2022 0:35,2/1/2022 0:38,1,0.68,48,48,4,0.5,1.95,9.75,0
2,2/1/2022 0:54,2/1/2022 1:02,1,1.34,125,79,7.5,0.5,2.26,13.56,0
2,2/1/2022 0:36,2/1/2022 0:57,1,6.18,230,159,19.5,0.5,3,26.3,0
2,2/1/2022 0:18,2/1/2022 0:27,1,1.29,79,45,7.5,0.5,3.39,14.69,0
2,2/1/2022 0:01,2/1/2022 0:16,1,8.27,138,236,23.5,0.5,0,35.1,1.25
1,2/1/2022 0:00,2/1/2022 0:17,1,8.1,70,164,24,3,6.85,41.2,0
2,2/1/2022 0:05,2/1/2022 0:17,1,3.64,100,263,12.5,0.5,3.26,19.56,0
2,2/1/2022 0:35,2/1/2022 0:42,2,1.88,229,263,8,0.5,3.54,15.34,0
2,2/1/2022 0:31,2/1/2022 0:43,1,5.87,132,28,18.5,0.5,0,21.05,1.25
2,2/1/2022 0:11,2/1/2022 0:31,1,10.82,138,113,31,0.5,7.21,43.26,1.25
2,2/1/2022 0:01,2/1/2022 0:11,1,2.13,163,137,9,0.5,2.56,15.36,0
2,2/1/2022 0:11,2/1/2022 0:15,1,0.82,113,158,4.5,0.5,1.66,9.96,0
2,2/1/2022 0:07,2/1/2022 0:32,1,17.61,132,42,52,0,17.8,78.4,1.25
1,2/1/2022 0:09,2/1/2022 0:48,1,0,226,72,34.2,0,0,35,0
1,2/1/2022 0:02,2/1/2022 0:08,1,1.1,233,229,6,3,1.2,11,0
1,2/1/2022 0:18,2/1/2022 0:51,1,8.2,162,69,30,3,0,33.8,0
2,2/1/2022 0:02,2/1/2022 0:04,1,0.41,48,48,3.5,0.5,2.19,9.49,0
2,2/1/2022 0:34,2/1/2022 0:50,1,8.2,138,69,24,0.5,6.62,39.72,1.25
2,2/1/2022 0:11,2/1/2022 0:15,1,1.13,68,100,5,0.5,0,8.8,0
2,2/1/2022 0:24,2/1/2022 0:26,2,0.93,143,239,4.5,0.5,0,8.3,0
2,2/1/2022 0:38,2/1/2022 0:47,1,2.4,249,161,9.5,0.5,2,15.3,0
2,2/1/2022 0:48,2/1/2022 0:53,2,0.87,161,229,5.5,0.5,1,10.3,0
2,2/1/2022 0:05,2/1/2022 0:12,1,1.63,158,186,7,0.5,0,10.8,0
2,2/1/2022 0:29,2/1/2022 0:36,1,1.36,231,88,6.5,0.5,2.06,12.36,0
2,2/1/2022 0:52,2/1/2022 0:52,2,0,264,264,120,0,10,130.8,0
2,2/1/2022 0:17,2/1/2022 0:35,1,10.43,138,229,29.5,0.5,7.97,49.07,1.25
1,2/1/2022 0:00,2/1/2022 0:33,1,19.3,132,249,52,3.75,12.6,75.7,1.25
2,2/1/2022 0:34,2/1/2022 0:53,2,4.95,114,262,17,0.5,0,20.8,0
2,2/1/2022 0:52,2/1/2022 0:54,1,0.72,263,237,4,0.5,1.56,9.36,0
2,2/1/2022 0:03,2/1/2022 0:14,1,2.85,234,87,11,0.5,0,14.8,0
1,2/1/2022 0:08,2/1/2022 0:11,1,0.6,107,170,4,3,1.55,9.35,0
1,2/1/2022 0:16,2/1/2022 0:24,1,1.5,162,100,7.5,3,0,11.3,0
1,2/1/2022 0:43,2/1/2022 0:47,1,1.1,161,229,5.5,3,0,9.3,0
1,2/1/2022 0:50,2/1/2022 0:58,1,1.7,140,75,8.5,3,0,12.3,0
2,2/1/2022 0:53,2/1/2022 1:21,1,10.93,132,71,33.5,0.5,0,36.05,1.25
2,2/1/2022 0:03,2/1/2022 0:17,3,3.27,90,229,12.5,0.5,3.26,19.56,0
2,2/1/2022 0:42,2/1/2022 1:10,2,19.28,132,66,51,0.5,13.39,66.94,1.25
2,2/1/2022 0:11,2/1/2022 0:15,5,1.3,238,75,6,0.5,1.46,8.76,0
2,2/1/2022 0:32,2/1/2022 0:45,4,3.34,24,262,13,0.5,3.36,20.16,0
2,2/1/2022 0:36,2/1/2022 0:46,5,2.44,234,48,9.5,0.5,0,13.3,0
2,2/1/2022 0:48,2/1/2022 0:49,0,0,48,264,10,0,2.16,12.96,0
2,2/1/2022 0:53,2/1/2022 1:13,5,6.46,142,244,22,0.5,3,28.8,0
2,2/1/2022 0:17,2/1/2022 0:29,1,2.36,234,148,10.5,0.5,3.58,17.88,0
2,2/1/2022 0:00,2/1/2022 0:05,1,0.76,137,164,5,0.5,0.08,8.88,0
1,2/1/2022 0:04,2/1/2022 0:09,1,0.5,100,170,4.5,3,1,9.3,0
1,2/1/2022 0:13,2/1/2022 0:22,2,1.2,164,137,7.5,3,0,11.3,0
1,2/1/2022 0:28,2/1/2022 0:56,2,5.6,229,129,22.5,3,0,26.3,0
1,2/1/2022 0:17,2/1/2022 0:27,1,4.5,132,216,14,1.75,0,16.55,1.25
1,2/1/2022 0:10,2/1/2022 0:43,1,19.7,132,24,52,1.25,12.1,72.7,1.25
1,2/1/2022 0:54,2/1/2022 1:00,1,1.7,142,238,7.5,3,2.25,13.55,0
1,2/1/2022 0:11,2/1/2022 0:40,0,4.2,48,145,20,3,4.75,28.55,0
2,2/1/2022 0:08,2/1/2022 0:15,3,2.26,142,43,8,0.5,2.95,14.75,0
2,2/1/2022 0:17,2/1/2022 0:30,2,2.67,43,142,12,0.5,4.74,20.54,0
2,2/1/2022 0:04,2/1/2022 0:36,1,7.61,164,225,28,0.5,2,33.8,0
1,2/1/2022 0:46,2/1/2022 0:51,1,0.7,230,50,5,3,1.75,10.55,0
2,2/1/2022 0:13,2/1/2022 0:42,1,17.18,132,178,46.5,0.5,0,49.05,1.25
2,2/1/2022 0:34,2/1/2022 0:55,1,5.14,158,140,18.5,0.5,1,23.3,0
2,2/1/2022 0:59,2/1/2022 1:13,1,3.33,262,41,12.5,0.5,1,17.3,0
2,2/1/2022 0:02,2/1/2022 0:14,1,3.14,263,143,11.5,0.5,3.06,18.36,0
1,2/1/2022 0:27,2/1/2022 0:34,1,1.2,161,237,6.5,3,0,10.3,0
1,2/1/2022 0:57,2/1/2022 0:59,1,0.8,170,162,4.5,3,1.65,9.95,0
2,2/1/2022 0:33,2/1/2022 1:04,1,17.38,132,141,52,0,11.31,67.86,1.25
1,2/1/2022 0:53,2/1/2022 1:22,1,18.7,132,211,52,3.75,11.3,67.85,1.25
2,2/1/2022 0:41,2/1/2022 1:06,1,18.88,132,116,52,0,6.06,66.66,1.25
2,2/1/2022 0:20,2/1/2022 0:28,1,3.52,132,216,11.5,0.5,0,14.05,1.25
2,2/1/2022 0:38,2/1/2022 0:49,2,4.01,79,263,13,0.5,3.36,20.16,0
2,2/1/2022 0:56,2/1/2022 0:57,2,0.64,141,229,4,0.5,1.56,9.36,0
1,2/1/2022 0:12,2/1/2022 0:20,1,3.7,65,4,12.5,3,4.05,20.35,0
1,2/1/2022 0:29,2/1/2022 0:36,1,1.6,79,170,7.5,3,2.25,13.55,0
2,2/1/2022 0:08,2/1/2022 0:19,2,1.61,114,4,9,0.5,0,12.8,0
2,2/1/2022 0:20,2/1/2022 0:20,0,0,4,4,9.5,0,3.84,16.64,0
2,2/1/2022 0:34,2/1/2022 0:43,1,3.22,148,88,11,0.5,4.44,19.24,0
1,2/1/2022 0:42,2/1/2022 0:57,1,3.4,79,50,13.5,3,4.3,21.6,0
2,2/1/2022 0:04,2/1/2022 0:11,1,1.42,186,229,7,0.5,2,12.8,0
2,2/1/2022 0:30,2/1/2022 0:34,1,0.76,68,234,-5,-0.5,0,-8.8,0
2,2/1/2022 0:30,2/1/2022 0:34,1,0.76,68,234,5,0.5,0,8.8,0
1,2/1/2022 0:00,2/1/2022 0:05,1,1,163,230,5.5,3,0.93,10.23,0
1,2/1/2022 0:08,2/1/2022 0:13,1,1.2,48,68,6,3,1.95,11.75,0
1,2/1/2022 0:59,2/1/2022 1:00,1,1.2,100,100,2.5,3,0,6.3,0
1,2/1/2022 0:39,2/1/2022 0:48,1,1.8,107,232,8.5,3,0,12.3,0
2,2/1/2022 0:03,2/1/2022 0:10,5,1.34,163,229,7,0.5,2.16,12.96,0
2,2/1/2022 0:25,2/1/2022 0:44,5,4.05,48,4,16,0.5,3.96,23.76,0
2,2/1/2022 0:08,2/1/2022 0:21,1,3.2,262,161,13,0.5,3,19.8,0
2,2/1/2022 0:31,2/1/2022 0:42,1,5.95,138,74,18,0.5,0,27.1,1.25
2,2/1/2022 0:12,2/1/2022 0:26,1,3.8,211,48,13.5,0.5,0,17.3,0
2,2/1/2022 0:39,2/1/2022 0:57,1,6.53,231,257,21,0.5,7.44,32.24,0
2,2/1/2022 0:48,2/1/2022 0:53,4,1.42,100,234,6,0.5,1.96,11.76,0
2,2/1/2022 0:43,2/1/2022 0:51,1,2.65,232,255,9.5,0.5,2.66,15.96,0
1,2/1/2022 0:06,2/1/2022 0:26,1,6.2,249,238,20.5,3,4.85,29.15,0
1,2/1/2022 0:58,2/1/2022 1:16,1,7.3,162,167,23,3,0,26.8,0
2,2/1/2022 0:18,2/1/2022 0:26,2,1.92,249,68,8.5,0.5,3.08,15.38,0
2,2/1/2022 0:40,2/1/2022 0:40,2,0,132,132,-2.5,-0.5,0,-5.05,-1.25
2,2/1/2022 0:40,2/1/2022 0:40,2,0,132,132,2.5,0.5,0,5.05,1.25
2,2/1/2022 0:42,2/1/2022 1:05,2,17.28,132,148,52,0,11.06,67.61,1.25
1,2/1/2022 0:28,2/1/2022 0:32,1,1.3,163,170,5.5,3,3,12.3,0
2,2/1/2022 0:19,2/1/2022 0:28,1,1.44,148,209,8,0.5,3.54,15.34,0
2,2/1/2022 0:53,2/1/2022 1:14,1,10.25,230,136,30.5,0.5,0,34.3,0
2,2/1/2022 0:24,2/1/2022 0:46,1,8.14,138,229,25,0.5,0,30.05,1.25
2,2/1/2022 0:18,2/1/2022 0:30,1,2.42,114,170,11,0.5,2,16.8,0
2,2/1/2022 0:00,2/1/2022 0:22,1,14.88,132,226,40.5,0.5,5,48.05,1.25
2,2/1/2022 0:00,2/1/2022 0:24,1,8.61,237,244,27,0.5,6.16,36.96,0
2,2/1/2022 0:49,2/1/2022 0:59,1,1.89,238,263,9.5,0.5,0,13.3,0
2,2/1/2022 0:54,2/1/2022 0:59,1,1.11,140,262,5.5,0.5,1.86,11.16,0
1,2/1/2022 0:11,2/1/2022 0:21,1,3.3,161,74,11.5,3,0,15.3,0
2,2/1/2022 0:31,2/1/2022 0:57,1,7.24,211,41,24.5,0.5,5.66,33.96,0
2,2/1/2022 0:22,2/1/2022 0:31,1,1.71,79,148,8,0.5,2,13.8,0
2,2/1/2022 0:40,2/1/2022 0:42,1,0.37,114,211,3.5,0.5,1.11,8.41,0
1,2/1/2022 0:12,2/1/2022 0:25,1,3.5,234,142,13,3,2.08,18.88,0
2,2/1/2022 0:26,2/1/2022 0:37,1,4.44,138,7,14.5,0.5,0,17.05,1.25
2,2/1/2022 0:56,2/1/2022 1:56,2,34.99,132,265,93,0.5,0,109.8,1.25
2,2/1/2022 0:21,2/1/2022 0:30,1,1.71,79,186,8.5,0.5,1,13.3,0
2,2/1/2022 0:53,2/1/2022 1:02,1,1.95,68,144,9,0.5,1,13.8,0
1,2/1/2022 0:07,2/1/2022 0:35,1,5.3,158,236,22,3,5.15,30.95,0
2,2/1/2022 0:06,2/1/2022 0:16,1,2.96,148,162,10.5,0.5,0,14.3,0
1,2/1/2022 0:20,2/1/2022 0:50,2,17.9,132,97,50,1.75,10.5,63.05,1.25
1,2/1/2022 0:56,2/1/2022 1:00,1,0.6,137,170,4.5,3,1.65,9.95,0
2,2/1/2022 0:04,2/1/2022 0:11,1,2.36,263,162,8.5,0.5,3.08,15.38,0
2,2/1/2022 0:45,2/1/2022 0:50,1,0.79,231,148,5,0.5,1.76,10.56,0
2,2/1/2022 0:19,2/1/2022 0:28,5,1.31,79,144,8,0.5,2.36,14.16,0
2,2/1/2022 0:31,2/1/2022 0:41,5,1.39,144,79,7,0.5,2.16,12.96,0
2,2/1/2022 0:07,2/1/2022 0:09,1,0.47,237,141,4,0.5,1.56,9.36,0
2,1/31/2022 23:51,2/1/2022 0:02,1,2.15,229,68,9.5,0.5,2.66,15.96,0
2,2/1/2022 0:08,2/1/2022 0:14,1,1.31,48,90,6,0.5,2.45,12.25,0
2,2/1/2022 0:18,2/1/2022 0:27,2,1.99,249,261,8,0.5,2.36,14.16,0
2,2/1/2022 0:37,2/1/2022 1:08,2,21.2,132,243,52,0,11.87,72.47,1.25
1,2/1/2022 0:23,2/1/2022 0:42,4,8.9,138,151,26.5,1.75,7.1,42.7,1.25
1,2/1/2022 0:17,2/1/2022 0:22,1,0.9,161,186,5.5,3,0,9.3,0
1,2/1/2022 0:28,2/1/2022 0:40,1,3.5,164,239,12,3,3.15,18.95,0
2,1/31/2022 23:46,2/1/2022 0:12,1,10.79,138,61,32.5,0.5,7.01,42.06,1.25
2,2/1/2022 0:03,2/1/2022 0:11,1,1.86,79,170,8.5,0.5,0,12.3,0
1,2/1/2022 0:02,2/1/2022 0:07,1,1.4,141,162,6.5,3,0,10.3,0
2,2/1/2022 0:21,2/1/2022 0:40,1,7.77,138,236,24,0.5,5,40.6,1.25
2,2/1/2022 0:09,2/1/2022 0:21,5,3.22,114,97,12,0.5,3.16,18.96,0
1,2/1/2022 0:46,2/1/2022 0:55,1,2,79,164,8.5,3,3.05,15.35,0
2,2/1/2022 0:06,2/1/2022 0:13,1,1.21,143,50,7,0.5,2.16,12.96,0
2,2/1/2022 0:17,2/1/2022 0:20,2,0.41,239,142,4,0.5,1.56,9.36,0
2,2/1/2022 0:21,2/1/2022 0:50,1,21.13,132,265,93.5,0.5,0,96.05,1.25
2,2/1/2022 0:27,2/1/2022 0:31,1,0.65,114,125,4.5,0.5,0.83,9.13,0
2,2/1/2022 0:36,2/1/2022 0:42,1,2.08,249,48,7.5,0.5,2.26,13.56,0
1,2/1/2022 0:21,2/1/2022 0:46,1,11.1,138,198,32,1.75,10.35,44.9,1.25
1,2/1/2022 0:59,2/1/2022 1:29,1,0,173,68,33.2,0,0,40.55,0
2,2/1/2022 0:22,2/1/2022 0:36,1,6.6,132,203,20,0.5,1,23.55,1.25
2,2/1/2022 0:10,2/1/2022 0:47,2,12.69,132,82,38.5,0.5,0,41.05,1.25
1,2/1/2022 0:14,2/1/2022 0:38,1,4.7,90,80,19.5,3,0,23.3,0
2,2/1/2022 0:34,2/1/2022 0:34,1,0.09,164,170,36.7,0,0,39.5,0
2,2/1/2022 0:17,2/1/2022 0:45,2,17.94,132,186,52,0,12.37,75.47,1.25
2,2/1/2022 0:12,2/1/2022 0:14,1,0.4,143,143,3.5,0.5,2.19,9.49,0
2,2/1/2022 0:06,2/1/2022 0:19,1,3.08,144,48,12,0.5,3.16,18.96,0
1,2/1/2022 0:31,2/1/2022 0:49,2,4.3,163,179,16,3,0,19.8,0
1,2/1/2022 0:01,2/1/2022 0:25,1,5.8,132,197,17.5,1.75,0,20.05,1.25
1,2/1/2022 0:13,2/1/2022 0:27,2,3.2,114,163,12.5,3,0,16.3,0
1,2/1/2022 0:48,2/1/2022 1:03,1,3.3,186,140,12.5,3,3.25,19.55,0
1,2/1/2022 0:01,2/1/2022 0:05,1,0.8,239,238,5,3,1.75,10.55,0
1,2/1/2022 0:54,2/1/2022 1:05,1,2.4,186,237,10,3,2.5,16.3,0
2,2/1/2022 0:11,2/1/2022 0:13,1,0.45,151,238,3.5,0.5,0,4.8,0
2,2/1/2022 0:17,2/1/2022 0:23,5,1.53,233,186,7,0.5,1,11.8,0
2,2/1/2022 0:08,2/1/2022 0:15,1,1.47,114,68,7,0.5,2.7,13.5,0
2,2/1/2022 0:29,2/1/2022 0:35,1,1.37,114,68,6.5,0.5,2.58,12.88,0
2,2/1/2022 0:43,2/1/2022 0:45,1,0.48,249,125,3.5,0.5,1.46,8.76,0
2,2/1/2022 0:48,2/1/2022 1:13,1,5.61,211,237,21,0.5,1,25.8,0
2,1/31/2022 23:58,2/1/2022 0:28,1,18.17,264,264,52,0,11.87,71.22,0
2,2/1/2022 0:16,2/1/2022 0:21,1,1.09,48,48,5.5,0.5,1,10.3,0
2,2/1/2022 0:22,2/1/2022 0:30,2,2.65,48,151,9.5,0.5,2.66,15.96,0
1,2/1/2022 0:07,2/1/2022 0:17,1,1.7,137,48,8.5,3,2.45,14.75,0
2,2/1/2022 0:09,2/1/2022 0:21,1,3.01,186,239,12,0.5,2.37,18.17,0
2,2/1/2022 0:36,2/1/2022 0:54,1,8.4,100,244,25,0.5,5.76,34.56,0
2,2/1/2022 0:03,2/1/2022 0:25,1,16.8,132,168,45.5,0.5,0,54.6,1.25
1,2/1/2022 0:27,2/1/2022 0:38,1,3.3,138,260,11.5,1.75,4.2,18.25,1.25
1,2/1/2022 0:02,2/1/2022 0:16,2,2,138,236,28.5,4.25,10.03,50.13,1.25
1,2/1/2022 0:29,2/1/2022 0:40,1,2.8,79,163,11,3,2.95,17.75,0
1,2/1/2022 0:55,2/1/2022 1:16,1,5.2,90,41,18.5,3,4.45,26.75,0
1,2/1/2022 0:55,2/1/2022 0:59,1,1.3,141,263,5.5,3,0,9.3,0
2,2/1/2022 0:43,2/1/2022 0:49,1,1.15,113,79,6.5,0.5,2.58,12.88,0
2,2/1/2022 0:07,2/1/2022 0:15,1,2.06,148,233,8.5,0.5,1.5,13.8,0
2,2/1/2022 0:09,2/1/2022 0:16,3,1.56,114,107,7.5,0.5,0,11.3,0
2,2/1/2022 0:02,2/1/2022 0:33,1,8.07,230,17,28.5,0.5,6.46,38.76,0
2,2/1/2022 0:01,2/1/2022 0:16,1,2.45,151,74,12,0.5,0,13.3,0
2,2/1/2022 0:10,2/1/2022 0:38,1,18.6,132,97,50,0.5,10.26,62.81,1.25
2,2/1/2022 0:18,2/1/2022 0:28,1,1.29,186,170,8,0.5,2.36,14.16,0
2,2/1/2022 0:26,2/1/2022 0:32,1,0.95,234,79,6,0.5,1.96,11.76,0
2,2/1/2022 0:47,2/1/2022 0:53,1,1.74,249,231,7.5,0.5,2,13.3,0
2,2/1/2022 0:30,2/1/2022 1:06,1,19.78,132,41,52,0,4,64.6,1.25
2,2/1/2022 0:25,2/1/2022 0:37,5,3.99,113,141,13.5,0.5,0,17.3,0
2,2/1/2022 0:08,2/1/2022 0:36,1,18.72,132,97,50.5,0.5,13.26,66.31,1.25
2,2/1/2022 0:19,2/1/2022 0:33,2,3.8,140,7,13.5,0.5,4.32,21.62,0
1,2/1/2022 0:51,2/1/2022 1:04,2,3.7,163,7,13.5,3,4.3,21.6,0
1,2/1/2022 0:20,2/1/2022 0:36,1,4.4,226,95,16,0.5,2,19.3,0
1,2/1/2022 0:55,2/1/2022 0:57,1,0.2,239,239,3.5,3,1.8,9.1,0
2,2/1/2022 0:21,2/1/2022 0:34,1,2.27,158,224,10.5,0.5,2.86,17.16,0
2,2/1/2022 0:44,2/1/2022 0:52,1,3.16,224,141,10.5,0.5,2.86,17.16,0
2,2/1/2022 0:28,2/1/2022 0:36,1,2.56,144,256,10,0.5,2.76,16.56,0
2,2/1/2022 0:09,2/1/2022 0:26,1,9.47,70,148,27,0.5,6.16,36.96,0
2,2/1/2022 0:41,2/1/2022 0:48,5,1.5,68,233,7.5,0.5,1,12.3,0
2,2/1/2022 0:05,2/1/2022 0:10,1,1.52,100,142,6.5,0.5,2.58,12.88,0
2,2/1/2022 0:39,2/1/2022 0:44,2,0.64,161,230,5,0.5,1.76,10.56,0
1,2/1/2022 0:18,2/1/2022 0:46,1,20.3,132,37,55.5,1.75,11.6,69.65,1.25
2,2/1/2022 0:03,2/1/2022 0:21,1,4.14,229,260,15.5,0.5,0,19.3,0
1,2/1/2022 0:05,2/1/2022 0:06,1,0,161,161,2.5,3,0,6.3,0
2,2/1/2022 0:23,2/1/2022 0:54,1,18.55,132,48,52,0,15.78,78.88,1.25
2,2/1/2022 0:27,2/1/2022 0:32,1,1.74,229,262,7,0.5,0,10.8,0
2,2/1/2022 0:20,2/1/2022 0:27,1,2.02,137,114,8,0.5,0,11.8,0
2,2/1/2022 0:02,2/1/2022 0:06,2,1.37,75,74,5.5,0.5,1.36,8.16,0
2,2/1/2022 0:07,2/1/2022 0:17,2,4.2,263,79,14,0.5,3.56,21.36,0
2,2/1/2022 0:23,2/1/2022 0:27,2,1.51,79,137,6.5,0.5,3.09,13.39,0
2,2/1/2022 0:35,2/1/2022 0:35,1,0.08,79,79,2.5,0.5,0,6.3,0
2,2/1/2022 0:05,2/1/2022 0:10,1,0.67,163,163,5,0.5,2.2,11,0
2,2/1/2022 0:22,2/1/2022 0:30,1,1.8,163,238,8.5,0.5,1.7,14,0
2,2/1/2022 0:54,2/1/2022 1:17,1,7.81,230,137,23,0.5,0,26.8,0
2,2/1/2022 0:01,2/1/2022 0:39,1,28.11,132,23,74,0.5,5,88.1,1.25
1,2/1/2022 0:07,2/1/2022 0:21,1,7.9,48,244,23,3,5.35,32.15,0
1,2/1/2022 0:41,2/1/2022 0:57,1,0,152,249,24.2,0,0,25,0
1,2/1/2022 0:13,2/1/2022 0:35,1,8.5,90,244,26.5,3,0,30.3,0
2,2/1/2022 0:20,2/1/2022 0:48,1,10.8,68,212,34,0.5,0,37.8,0
2,2/1/2022 0:17,2/1/2022 0:32,1,7.59,138,41,22.5,0.5,6.82,40.92,1.25
2,2/1/2022 0:06,2/1/2022 0:33,2,17.97,132,234,52,0,12.62,75.72,1.25
2,2/1/2022 0:38,2/1/2022 0:48,2,2.36,186,79,10,0.5,2.76,16.56,0
1,2/1/2022 0:04,2/1/2022 0:06,1,0,138,138,2.5,1.75,0,5.05,1.25
1,2/1/2022 0:09,2/1/2022 0:22,2,4.6,138,226,15,1.75,3.5,21.05,1.25
1,2/1/2022 0:56,2/1/2022 0:59,1,0,7,7,2.5,0.5,13,16.8,0
2,2/1/2022 0:06,2/1/2022 0:17,1,3.91,263,186,12.5,0.5,2,18.3,0
2,2/1/2022 0:20,2/1/2022 0:26,1,1.13,186,164,6.5,0.5,1.85,12.15,0
2,1/31/2022 23:14,1/31/2022 23:18,1,1.1,186,48,5,0.5,1.76,10.56,0
2,1/31/2022 23:29,1/31/2022 23:46,1,4.47,68,41,16.5,0.5,4.06,24.36,0
1,2/1/2022 0:12,2/1/2022 0:18,1,3,264,264,10.5,0.5,2,13.8,0
2,2/1/2022 0:08,2/1/2022 0:21,1,5.78,100,166,18.5,0.5,2,24.3,0
2,2/1/2022 0:24,2/1/2022 0:30,1,1.49,41,151,7.5,0.5,2,10.8,0
2,2/1/2022 0:53,2/1/2022 1:02,1,2.39,249,137,9.5,0.5,2.66,15.96,0
2,2/1/2022 0:21,2/1/2022 0:51,1,18.72,132,163,52,0,6,69.1,1.25
1,2/1/2022 0:08,2/1/2022 0:17,1,2.6,234,231,10,3,30,43.8,0
2,2/1/2022 0:13,2/1/2022 0:35,1,13.95,132,36,38,0.5,7.86,47.16,0
2,2/1/2022 0:05,2/1/2022 0:14,1,2.05,230,238,9,0.5,1.2,14,0
2,2/1/2022 0:23,2/1/2022 0:29,1,1.71,142,186,7,0.5,2.7,13.5,0
2,2/1/2022 0:45,2/1/2022 0:48,1,0.86,186,246,4.5,0.5,1,9.3,0
2,2/1/2022 0:57,2/1/2022 1:29,1,17.29,132,162,52,0,0,56.55,1.25
2,2/1/2022 0:52,2/1/2022 0:58,1,0.8,114,79,6,0.5,1.47,11.27,0
1,2/1/2022 0:16,2/1/2022 0:24,1,1.1,144,4,7,3,2.7,13.5,0
1,2/1/2022 0:47,2/1/2022 0:50,1,0.4,90,249,4,3,2.3,10.1,0
1,2/1/2022 0:52,2/1/2022 1:01,1,1.6,249,107,8,3,2,13.8,0
2,2/1/2022 0:14,2/1/2022 0:19,2,0.9,170,233,5.5,0.5,1.86,11.16,0
2,2/1/2022 0:05,2/1/2022 0:10,1,0.89,4,232,5.5,0.5,1.86,11.16,0
2,2/1/2022 0:22,2/1/2022 0:46,1,6.7,113,17,22.5,0.5,0,26.3,0
2,1/31/2022 23:01,1/31/2022 23:14,3,3.43,249,229,12.5,0.5,3.26,19.56,0
2,2/1/2022 0:15,2/1/2022 0:35,1,9.18,138,238,27.5,0.5,7.32,43.92,1.25
1,2/1/2022 0:26,2/1/2022 0:40,1,4.7,114,263,14.5,3,3.65,21.95,0
2,2/1/2022 0:31,2/1/2022 0:52,1,11.73,138,18,33.5,0.5,0,42.6,1.25
2,2/1/2022 0:11,2/1/2022 0:25,1,3.17,234,239,12.5,0.5,2,18.3,0
2,2/1/2022 0:03,2/1/2022 0:33,1,7.71,48,225,26,0.5,0,29.8,0
2,2/1/2022 0:18,2/1/2022 0:44,2,19.2,132,43,52,0,12.12,72.72,1.25
2,2/1/2022 0:57,2/1/2022 1:00,1,0.79,263,141,4.5,0.5,1,9.3,0
1,2/1/2022 0:07,2/1/2022 0:20,1,8.9,138,148,25,4.25,0,30.05,1.25
2,2/1/2022 0:21,2/1/2022 0:43,1,11.51,143,18,33,0.5,0,36.8,0
2,2/1/2022 0:49,2/1/2022 0:54,1,1.73,186,48,7,0.5,1,11.8,0
2,2/1/2022 0:10,2/1/2022 0:24,1,3.53,238,74,13.5,0.5,2.7,20,0
1,2/1/2022 0:18,2/1/2022 0:36,1,9.5,138,10,26.5,1.75,0,29.05,1.25
2,2/1/2022 0:17,2/1/2022 0:42,1,11.6,138,143,34.5,0.5,0,46.1,1.25
2,2/1/2022 0:51,2/1/2022 1:02,1,4.52,246,151,15,0.5,0,18.8,0
1,2/1/2022 0:56,2/1/2022 1:29,2,23.5,132,220,62,1.75,7,78.1,1.25
2,2/1/2022 0:14,2/1/2022 0:41,3,10.54,138,143,31.5,0.5,7.31,43.86,1.25
2,2/1/2022 0:05,2/1/2022 0:12,1,1.33,100,230,7,0.5,2.16,12.96,0
2,2/1/2022 0:26,2/1/2022 0:48,1,6.57,249,89,22,0.5,5.16,30.96,0
1,2/1/2022 0:07,2/1/2022 0:17,0,2.4,162,114,10.5,3,1,15.3,0
1,2/1/2022 0:28,2/1/2022 0:58,0,9.2,211,173,31.5,3,0,35.3,0
2,2/1/2022 0:10,2/1/2022 0:17,1,1.37,233,186,6.5,0.5,0,10.3,0
2,2/1/2022 0:21,2/1/2022 0:24,1,0.75,68,249,4.5,0.5,0,8.3,0
2,2/1/2022 0:33,2/1/2022 0:38,1,1.45,246,143,6.5,0.5,2.06,12.36,0
2,2/1/2022 0:22,2/1/2022 0:36,1,7.79,138,80,23,0.5,3,28.55,1.25
2,2/1/2022 0:10,2/1/2022 0:25,4,7.73,230,244,23,0.5,0,26.8,0
2,2/1/2022 0:13,2/1/2022 0:46,1,17.79,132,68,52,0,6.31,69.41,1.25
2,2/1/2022 0:57,2/1/2022 1:09,1,5.55,45,65,17,0.5,4.16,24.96,0
1,2/1/2022 0:08,2/1/2022 0:12,3,0.8,186,162,5.5,3,1.85,11.15,0
2,2/1/2022 0:01,2/1/2022 0:33,1,18.8,132,114,52,0,13.82,70.37,1.25
2,2/1/2022 0:22,2/1/2022 0:28,1,1.14,170,79,6.5,0.5,2.06,12.36,0
2,2/1/2022 0:45,2/1/2022 0:51,1,1.74,229,263,7,0.5,0,10.8,0
2,2/1/2022 0:00,2/1/2022 0:28,1,9.19,125,42,29.5,0.5,6.66,39.96,0
1,2/1/2022 0:05,2/1/2022 0:07,1,0.3,161,163,3.5,3,0,7.3,0
2,2/1/2022 0:00,2/1/2022 0:11,1,7.08,138,80,20.5,0.5,5.76,28.81,1.25
2,2/1/2022 0:06,2/1/2022 0:18,1,2.7,68,141,10.5,0.5,2,16.3,0
1,2/1/2022 0:14,2/1/2022 0:18,0,0.9,140,262,5.5,3,2.75,12.05,0
1,2/1/2022 0:22,2/1/2022 0:37,0,3.4,141,68,13.5,3,3.45,20.75,0
2,2/1/2022 0:14,2/1/2022 0:22,1,2.45,107,141,9,0.5,2.56,15.36,0
1,2/1/2022 0:21,2/1/2022 0:28,1,1.4,114,224,7.5,3,0,11.3,0
2,2/1/2022 0:51,2/1/2022 0:51,1,0,230,230,12,0,2.96,17.76,0
2,2/1/2022 0:59,2/1/2022 1:14,1,4.34,48,74,14.5,0.5,2,20.3,0
2,2/1/2022 0:29,2/1/2022 0:34,1,2.02,162,263,7.5,0.5,0,11.3,0
2,2/1/2022 0:27,2/1/2022 0:34,1,3.14,148,80,10.5,0.5,0,14.3,0
2,2/1/2022 0:41,2/1/2022 0:43,1,0.8,68,48,4.5,0.5,0,8.3,0
2,2/1/2022 0:22,2/1/2022 0:25,1,0.76,140,262,4.5,0.5,1.66,9.96,0
2,2/1/2022 0:17,2/1/2022 0:26,1,2.21,107,229,9,0.5,2.56,15.36,0
2,2/1/2022 0:20,2/1/2022 0:56,1,19.9,132,151,52,0,3.03,63.63,1.25
2,2/1/2022 0:04,2/1/2022 0:10,1,1.48,90,48,6.5,0.5,1,11.3,0
2,2/1/2022 0:43,2/1/2022 0:46,1,0.66,249,90,4.5,0.5,1.66,9.96,0
2,2/1/2022 0:47,2/1/2022 1:11,1,6.77,90,37,23,0.5,5.36,32.16,0
1,2/1/2022 0:23,2/1/2022 0:26,2,1.6,256,148,6.5,3,0,10.3,0
2,2/1/2022 0:38,2/1/2022 0:41,1,0.55,42,116,4,0.5,0,5.3,0
2,2/1/2022 0:49,2/1/2022 1:02,1,2.83,170,43,12.5,0.5,1.2,17.5,0
2,2/1/2022 0:48,2/1/2022 0:53,1,0.86,163,141,5.5,0.5,1.86,11.16,0
2,2/1/2022 0:42,2/1/2022 0:43,1,0.03,132,132,52,0,0,54.05,1.25
2,2/1/2022 0:43,2/1/2022 1:11,1,20,132,52,54,0.5,11.06,67.61,1.25
2,2/1/2022 0:53,2/1/2022 0:59,1,0.9,163,48,6,0.5,0,9.8,0
2,2/1/2022 0:05,2/1/2022 0:20,1,2.72,264,264,12,0.5,3.16,18.96,0
2,2/1/2022 0:27,2/1/2022 0:34,1,1.46,264,264,7.5,0.5,2.82,14.12,0
2,2/1/2022 0:23,2/1/2022 0:43,1,4.9,48,226,17.5,0.5,0,21.3,0
2,2/1/2022 0:07,2/1/2022 0:37,1,21.46,132,33,58,0.5,11.86,72.41,1.25
2,2/1/2022 0:01,2/1/2022 0:18,1,4.45,68,141,15.5,0.5,1.99,21.29,0
2,2/1/2022 0:21,2/1/2022 0:32,1,3.53,141,90,12.5,0.5,1,17.3,0
1,2/1/2022 0:59,2/1/2022 1:21,1,6.1,79,7,20.5,3,4.85,29.15,0
2,2/1/2022 0:01,2/1/2022 0:32,1,10.64,162,228,33,0.5,7.36,44.16,0
2,2/1/2022 0:50,2/1/2022 1:00,1,2.84,226,140,52,0,11.06,66.36,0
2,2/1/2022 0:50,2/1/2022 0:57,1,2.17,161,236,8.5,0.5,3.69,15.99,0
1,2/1/2022 0:24,2/1/2022 0:31,3,1.1,186,164,6.5,3,5,15.3,0
1,2/1/2022 0:41,2/1/2022 0:49,1,0.7,230,162,6.5,3,0,10.3,0
2,2/1/2022 7:14,2/1/2022 7:31,1,2.42,48,137,12.5,0,3.16,18.96,0
2,2/1/2022 7:50,2/1/2022 8:06,1,2.66,231,100,12.5,0,1.58,17.38,0
